Jose,A. Ferrer,WSN,4.1,63,29,34,0,0.31,0.19,0,3.06,0,3.43,0.07,0.1,0.3,18.9,0.5,72,24017,678606,1
Fernando,Abad,COL,5,116,46,70,5.4,0.08,0.08,3.6,8.89,108,7.2,-0.02,-0.1,0,19.2,0.41,57,4994,472551,0
Andrew,Abbott,CIN,41.2,674,240,434,2.38,0.29,0.08,1.3,3.86,51,4.37,1.2,0.9,1.8,17.9,0.43,87,29911,671096,0
Cory,Abbott,WSN,17,294,112,182,4.24,0.18,0.12,1.06,4.88,96,4.85,-0.25,0,0.1,18.1,0.35,97,20277,676265,4
Bryan,Abreu,HOU,42,746,282,464,2.79,0.37,0.1,1.07,3.22,66,2.89,-0.09,0.6,0.8,19.9,0.34,139,16609,650556,3
Albert,Abreu,NYY,38.1,693,273,420,4.46,0.25,0.12,1.17,4.67,106,4.56,0.1,-0.1,-0.5,19.1,0.41,105,17485,656061,1
Domingo,Acevedo,OAK,9.1,177,64,113,10.61,0.15,0.04,1.93,5.54,264,5.32,-1.3,-0.1,-0.8,20.5,0.32,86,17092,642758,0
Garrett,Acton,OAK,5.2,124,50,74,12.71,0.16,0.16,4.76,11.58,316,8.08,-0.51,-0.4,-0.5,19.6,0.38,128,27583,670183,2
Jason,Adam,TBR,36.1,640,242,398,2.97,0.29,0.1,0.99,4.31,74,4.19,-0.04,0.1,0.5,21.4,0.4,124,11861,592094,1
Austin,Adams,ARI,12.1,249,98,151,3.65,0.34,0.11,0,2.32,83,3.74,0.13,0.3,0.2,18.8,0.33,91,13801,613534,0
Tyler,Adcock,SEA,12,138,41,97,0,0.18,0,0,2.12,0,3.45,0.37,0.3,0.6,18.5,0.44,108,25651,686654,0
Joan,Adon,WSN,3,46,14,32,9,0.17,0,6,10.62,205,5.68,-0.13,-0.1,-0.1,13.9,0.3,85,22925,672851,0
Keegan,Akin,BAL,23.2,452,133,319,6.85,0.24,0.06,0.76,2.99,162,3.85,-0.24,0.4,-0.8,16.7,0.49,104,19362,669211,0
Hanser,Alberto,CHW,1.2,33,13,20,21.6,0.08,0.08,5.4,11.69,507,7.72,0,-0.1,-0.1,14,0.4,,11902,593643,1
Jorge,Alcala,MIN,15.1,281,111,170,6.46,0.18,0.12,2.35,6.87,155,5.67,-0.13,-0.3,-0.3,18.7,0.33,109,19459,660896,4
Sandy,Alcantara,MIA,114.1,1700,541,1159,4.72,0.2,0.07,0.87,3.87,112,4.05,-0.87,1.9,1,17.2,0.4,109,18684,645261,3
Scott,Alexander,SFG,23.2,312,105,207,3.42,0.13,0.05,0.38,3.58,80,3.98,0.69,0.2,0.3,20.2,0.34,88,10591,518397,0
Tyler,Alexander,DET,44,679,202,477,4.5,0.24,0.03,1.64,4.13,108,4.09,0.35,0,-0.1,17.9,0.4,86,17735,641302,0
Kolby,Allard,ATL,9.2,145,47,98,2.79,0.29,0.05,0.93,2.98,63,3.62,0.1,0.3,0.3,18.6,0.36,74,18694,663465,0
Logan,Allen,CLE,62.1,1112,389,723,3.47,0.23,0.09,0.87,3.72,82,4.14,0.1,1.2,1.5,15.4,0.4,87,27589,671106,2
Yency,Almonte,LAD,36.2,616,237,379,5.15,0.23,0.1,1.23,4.65,121,4.53,0.03,0,-0.4,17.5,0.28,117,15068,622075,1
Jose,Alvarado,PHI,26,447,161,286,1.38,0.36,0.08,0.69,2.33,31,2.13,1.09,0.8,0.9,19.7,0.46,116,17780,621237,4
Adbert,Alzolay,CHC,38.1,558,179,379,2.35,0.3,0.04,0.47,2.35,54,3.05,1.09,1.2,1,19.5,0.3,104,17859,640470,2
Nick,Anderson,ATL,35.1,548,172,376,3.06,0.26,0.06,0.76,3.12,69,3.73,1.43,0.8,0.7,18,0.42,93,18337,623433,0
Grant,Anderson,TEX,23.1,364,120,244,3.86,0.23,0.06,0.39,2.73,91,3.89,-0.68,0.7,0.3,18.2,0.29,107,20546,681982,0
Tyler,Anderson,LAA,84,1455,527,928,5.25,0.18,0.1,1.07,4.65,122,5.49,-1.28,0.9,0.3,17.9,0.32,90,12880,542881,0
Chase,Anderson,- - -,49.2,842,317,525,6.89,0.17,0.08,2.54,6.79,138,5.22,-0.62,-0.4,-0.1,17.4,0.33,79,6895,502624,0
Clayton,Andrews,MIL,1.2,43,16,27,27,0.18,0.09,5.4,10.49,620,4.6,-0.06,-0.1,-0.5,18.4,0.63,75,23631,677076,1
Shawn,Armstrong,TBR,18.2,293,92,201,0.96,0.27,0.05,0.48,2.65,24,3.66,0.52,0.4,0.8,19.3,0.33,103,12857,542888,1
Graham,Ashcraft,CIN,81.2,1392,510,882,6.28,0.16,0.09,1.43,5.37,135,4.79,-1.21,0.5,0,18.4,0.42,126,27552,668933,1
Javier,Assad,CHC,36.2,578,225,353,4.17,0.17,0.11,0.98,4.62,97,4.95,-0.39,0,0.2,19.4,0.35,93,21741,665871,0
Pedro,Avila,SDP,3,48,17,31,0,0.36,0.09,0,2.62,0,3.15,0.1,0,0.1,18.7,0,79,18864,658648,1
Sam,Bachman,LAA,17,317,127,190,3.18,0.18,0.14,0,3.76,74,4.7,0.54,0.2,0.2,18.2,0.41,111,29754,696147,0
Bryan,Baker,BAL,36.2,640,242,398,3.68,0.31,0.14,0.49,3.23,87,4.27,0.27,0.6,0.4,19.9,0.35,119,19804,641329,0
Jordan,Balazovic,MIN,7.1,97,31,66,1.23,0.14,0.07,1.23,4.79,29,4.54,0,0,0.3,17.3,0.64,88,21866,666364,0
Anthony,Banda,WSN,7,161,54,107,6.43,0.17,0.14,1.29,6,146,5.51,-0.28,-0.1,-0.1,20.9,0.44,90,14706,607455,0
Tanner,Banks,CHW,24,398,147,251,5.25,0.24,0.06,1.5,4.45,123,4.42,-0.51,0.2,0,17.4,0.43,89,16990,621383,2
Daniel,Bard,COL,30.2,527,206,321,1.76,0.2,0.19,0.59,5.08,35,5.95,0.92,0,1.1,20.2,0.3,92,7115,453268,0
Scott,Barlow,KCR,32,552,198,354,4.22,0.31,0.12,0.84,3.32,97,3.2,0.15,0.5,0.1,18.9,0.26,109,14993,605130,0
Joe,Barlow,TEX,9.2,147,45,102,4.66,0.14,0.05,1.86,5.36,110,5.81,-0.28,-0.1,0,19.4,0.36,114,22296,669618,0
Matt,Barnes,MIA,21.1,400,163,237,5.48,0.2,0.1,0.84,4.18,130,4.38,-0.38,0.1,-0.2,20.7,0.35,99,12863,598264,0
Tucker,Barnhart,CHC,1,11,3,8,0,0,0,0,3.29,0,8.08,0,0,0,9.8,0.4,-5,10200,571466,2
Jaime,Barria,LAA,54.1,837,290,547,3.31,0.2,0.07,1.33,4.54,77,4.54,-0.59,0.5,0.6,17.3,0.3,96,18356,642545,1
Anthony,Bass,TOR,20,326,114,212,4.95,0.22,0.1,1.35,4.69,118,4.57,-0.22,0,-0.1,17.9,0.43,107,7982,542914,9
Chris,Bassitt,TOR,105.2,1668,589,1079,4.09,0.22,0.08,1.45,4.83,97,4.43,0.16,0.7,1.1,20.2,0.38,90,12304,605135,0
Peyton,Battenfield,CLE,34.2,551,194,357,5.19,0.19,0.08,1.82,5.39,122,4.8,-0.63,0,0.1,16.1,0.51,87,25777,685410,2
Mike,Baumann,BAL,42,727,283,444,4.07,0.26,0.14,0.86,4.31,96,4.75,0.43,0.1,0.4,18.5,0.41,115,20206,657508,0
Felix,Bautista,BAL,42,703,248,455,1.07,0.51,0.12,0.64,1.65,25,1.67,2.38,2,2.1,21.1,0.36,141,20666,642585,0
Eduard,Bazardo,BAL,1,21,6,15,0,0,0,0,3.29,0,4.89,0,0,0,20.1,0.4,107,20997,660825,0
Matt,Beaty,SFG,1,22,9,13,27,0.14,0.14,0,4.29,634,5.89,0,0,-0.1,9.1,0.2,,17710,607461,0
Tristan,Beck,SFG,46.2,713,253,460,3.09,0.18,0.06,1.16,4.36,72,4.57,-0.04,-0.1,0.6,18.9,0.38,98,21584,663941,0
David,Bednar,PIT,34.1,529,166,363,1.31,0.29,0.04,0.26,1.86,30,3.53,1.98,1.5,1.3,18.9,0.33,117,19569,670280,1
Jalen,Beeks,TBR,37.1,643,251,392,6.27,0.24,0.11,0.96,4.15,156,4.63,0.21,0.2,-0.7,17.4,0.35,88,17192,656222,0
Andrew,Bellatti,PHI,12.2,266,109,157,5.68,0.23,0.15,1.42,5.26,129,5.1,-0.06,0,-0.2,22.8,0.35,102,10657,571479,1
Brayan,Bello,BOS,80,1339,487,852,3.04,0.21,0.07,0.9,3.78,68,3.93,1.12,1.4,2.5,18.5,0.42,91,23920,678394,0
Brennan,Bernardino,BOS,28.2,447,162,285,2.51,0.26,0.07,0.63,3.11,56,3.1,0.87,0.5,0.7,17.9,0.35,91,16835,657514,1
Jose,Berrios,TOR,108,1642,582,1060,3.5,0.23,0.07,1.08,3.95,83,3.94,0.86,1.7,2.3,18.3,0.35,100,14168,621244,0
Christian,Bethancourt,TBR,0.1,10,2,8,81,0,0,27,42.29,2013,12.87,0,-0.1,-0.1,12,0.5,,10028,542194,0
Tanner,Bibee,CLE,70,1203,460,743,3.34,0.24,0.09,0.77,3.66,79,4.39,0.61,1.4,1.7,19.4,0.39,97,30134,676440,0
Phil,Bickford,LAD,34,640,240,400,5.82,0.29,0.13,1.32,4.32,137,4.24,-0.19,0.1,-0.4,18.7,0.5,114,18519,641360,1
Osvaldo,Bido,PIT,23,431,161,270,4.7,0.2,0.09,0.39,3.77,108,5.08,-0.19,0.5,0.2,16.8,0.42,96,23150,674370,0
Shane,Bieber,CLE,110.2,1703,600,1103,3.66,0.19,0.07,1.06,4.13,86,4.09,0.85,1.5,2.4,17.9,0.46,100,19427,669456,0
Brandon,Bielak,HOU,54.1,899,367,532,3.81,0.18,0.09,1.66,5.44,90,4.67,0.31,-0.1,0.9,17.6,0.49,83,19866,656232,1
Jake,Bird,COL,55.1,839,303,536,3.42,0.23,0.08,0.49,3.25,68,3.73,-0.64,1,1,19.6,0.45,108,21267,656234,0
Ty,Blach,COL,13.1,232,80,152,6.75,0.08,0.03,1.35,5.16,135,4.77,0.01,0,-0.3,16.7,0.45,74,14361,621389,1
Paul,Blackburn,OAK,36,643,229,414,4.5,0.25,0.07,0.75,3.4,112,3.96,-0.27,0.8,0.3,21.2,0.32,87,14739,621112,1
Ronel,Blanco,HOU,46,805,306,499,4.7,0.24,0.12,2.35,6.29,112,5.08,-0.46,-0.5,0.2,18,0.34,98,19407,669854,0
Richard,Bleier,BOS,20,304,87,217,5.85,0.14,0.03,1.8,5.44,131,4.36,-0.67,-0.2,-0.3,17.8,0.41,79,7803,542947,0
Cody,Bolton,PIT,9,217,104,113,11,0.15,0.19,2,8.07,253,7.48,-0.05,-0.2,-0.3,16.9,0.49,91,23265,675989,1
Ryan,Borucki,PIT,5.2,78,23,55,6.35,0.17,0,0,2.41,146,3.53,-0.17,0.1,-0.1,17.8,0.32,90,16350,621366,0
Brad,Boxberger,CHC,14.2,252,102,150,5.52,0.2,0.14,1.84,6.22,128,5.19,0.03,-0.3,-0.1,17.9,0.43,91,10133,502202,0
Matthew,Boyd,DET,71,1178,423,755,5.45,0.24,0.08,1.39,4.39,130,4.33,-0.82,0.8,-0.2,17.4,0.36,86,15440,571510,0
Silvino,Bracho,CIN,7.1,126,50,76,3.68,0.19,0.19,0,4.11,79,6.28,-0.04,0.1,0.1,21,0.11,83,15051,611093,0
Cody,Bradford,TEX,26.2,460,154,306,4.39,0.23,0.07,1.35,4.38,104,4.76,-0.05,0.3,0.3,18,0.48,73,27597,674003,1
Kyle,Bradish,BAL,84,1380,502,878,3.32,0.23,0.07,0.86,3.61,79,3.8,0.74,1.5,2.2,20.2,0.44,122,24586,680694,0
Taj,Bradley,TBR,61.1,1084,371,713,5.43,0.3,0.07,1.61,3.99,135,3.35,-1.22,1,-0.2,19,0.46,111,22543,671737,1
Archie,Bradley,MIA,7.1,149,54,95,12.27,0.18,0.08,2.45,6.56,290,5.19,-0.09,-0.1,-0.3,18.9,0.61,83,12918,605151,0
Matt,Brash,SEA,35,663,251,412,3.6,0.38,0.09,0.26,1.89,89,2.61,-0.75,1.1,0.2,19.2,0.34,123,25756,666374,1
Ryan,Brasier,- - -,30.1,495,172,323,5.64,0.21,0.09,0.59,3.75,127,4.68,0.64,0.3,-0.2,19.2,0.44,107,5615,518489,3
Huascar,Brazoban,MIA,45.1,747,271,476,3.18,0.25,0.11,0.6,3.53,75,3.8,0.22,0.5,0.8,18.5,0.27,91,6107,623211,0
John,Brebbia,SFG,28.2,503,185,318,3.14,0.31,0.09,0.63,2.73,74,3.83,0.56,0.6,0.6,18.1,0.43,107,12777,605154,0
Colten,Brewer,NYY,8.1,104,39,65,4.32,0.12,0.09,3.24,8.45,103,5.68,0.34,-0.3,0,17.4,0.46,105,12997,605155,1
Jeff,Brigham,NYM,29.2,528,211,317,5.16,0.27,0.11,1.82,5.51,127,4.66,-0.84,-0.4,-0.3,19.3,0.34,115,16631,656257,0
Braden,Bristo,- - -,7,114,40,74,2.57,0.17,0.13,0,3.57,61,6.08,-0.02,0.1,0.1,21.4,0.14,98,20494,668754,0
Jhony,Brito,NYY,51.2,885,321,564,4.7,0.16,0.1,1.39,5.28,112,5.28,-0.35,0,0.1,18.7,0.37,92,25386,666745,0
Connor,Brogdon,PHI,29,545,200,345,4.03,0.21,0.1,1.55,5.18,92,5.09,-0.13,-0.1,0.2,19.1,0.32,101,21205,641401,0
Mike,Brosseau,MIL,2.1,30,11,19,3.86,0,0.11,3.86,10.15,89,7.31,0,-0.1,0,13.8,0.38,28,19683,670712,1
Hunter,Brown,HOU,94,1629,591,1038,4.12,0.28,0.08,0.86,3.35,98,3.01,-0.01,2.2,1.3,19.5,0.45,107,25880,686613,0
Justin,Bruihl,LAD,19.1,281,97,184,3.72,0.19,0.04,0.93,3.86,87,4,0.21,0.1,0.2,18.3,0.5,97,23779,677865,0
Kris,Bubic,KCR,16,265,87,178,3.94,0.24,0.03,0.56,2.66,90,3.55,0.12,0.5,0.4,18.2,0.45,83,21455,663460,0
J.B.,Bukauskas,- - -,3,50,22,28,3,0.21,0.21,0,5.29,74,5.29,-0.27,-0.1,-0.2,20.9,0.29,102,20491,656266,0
Madison,Bumgarner,ARI,16.2,350,150,200,10.26,0.11,0.17,2.16,8.09,233,7.46,-1.25,-0.4,-0.7,17.3,0.41,84,5524,518516,0
Aaron,Bummer,CHW,29.2,546,200,346,7.58,0.28,0.12,0,2.45,178,3.25,-0.87,0.9,-1.3,19.9,0.48,101,16258,607481,0
Nick,Burdi,CHC,3,58,21,37,9,0.27,0.2,0,3.62,209,6.28,-0.02,0,-0.1,21.9,0.25,129,16074,595897,1
Zack,Burdi,TBR,4,76,27,49,11.25,0.25,0.1,0,2.29,280,4.28,-0.05,0.1,-0.2,20,0.54,100,19159,641420,0
Brock,Burke,TEX,35.2,549,171,378,3.03,0.18,0.03,1.26,4.24,71,4.7,-0.09,0.2,0.5,18.4,0.38,91,17968,656271,0
Alec,Burleson,STL,1.2,45,15,30,21.6,0.08,0,5.4,9.89,517,5.92,0,-0.1,-0.1,15,0.5,98,27615,676475,0
Corbin,Burnes,MIL,107.1,1694,617,1077,3.94,0.23,0.09,1.17,4.28,91,4.18,-0.17,1.3,1.7,19.6,0.33,119,19361,669203,0
Alan,Busenitz,CIN,4,75,20,55,4.5,0.15,0.05,0,2.54,97,4.14,-0.18,0.1,0,18,0.56,121,15239,641427,0
Matt,Bush,MIL,10.1,194,72,122,9.58,0.21,0.13,4.35,9.38,220,4.95,-1.27,-0.7,-0.7,19.5,0.41,114,1246,456713,0
Jose,Butto,NYM,12,218,104,114,3,0.09,0.2,0.75,6.29,74,6.8,-0.02,-0.1,0.3,16.8,0.33,90,23313,676130,2
Edward,Cabrera,MIA,67,1216,496,720,4.7,0.29,0.14,1.21,4.5,111,3.99,-0.05,0.7,0.7,18,0.41,100,21690,665795,4
Genesis,Cabrera,STL,30.1,540,205,335,4.75,0.26,0.13,1.78,5.23,114,4.45,-0.32,-0.2,0,21.1,0.43,102,17490,650893,0
Blair,Calvo,COL,1,11,6,5,0,0,0,0,3.29,0,3.29,0,0,0,19.8,0.67,129,25416,663971,0
Isaiah,Campbell,SEA,1,13,6,7,0,0.33,0,0,1.29,0,4.48,0,0,0,15.4,0.5,73,25551,663462,3
Griffin,Canning,LAA,74,1241,429,812,4.62,0.23,0.07,1.82,5.06,107,4.11,-0.2,0.4,0.9,19.9,0.47,92,19867,656288,0
Yennier,Cano,BAL,42.2,584,193,391,1.48,0.24,0.04,0.21,2.37,35,2.78,3.04,1.4,2.4,19.7,0.35,88,25911,666974,0
Matt,Carasiti,COL,21.2,373,143,230,7.06,0.14,0.11,1.25,5.46,141,4.91,0.48,-0.1,-0.5,21,0.37,86,13276,571539,0
Drew,Carlton,SDP,20.2,330,108,222,4.35,0.21,0.07,0.87,3.82,105,4.11,-0.71,0.2,-0.1,17.1,0.37,85,19868,656290,4
Carlos,Carrasco,NYM,61,1027,409,618,5.16,0.16,0.1,1.77,5.96,127,5.08,-1.16,-0.3,0.1,18.1,0.45,92,6632,471911,0
Daniel,Castano,MIA,1,22,9,13,27,0.33,0.17,18,28.29,638,7.08,-0.02,-0.1,-0.1,18.3,0.67,71,19805,641447,0
Luis,Castillo,SEA,107.1,1739,578,1161,2.85,0.27,0.06,1.26,3.79,71,3.7,-0.04,1.9,2.4,16.5,0.43,97,15689,622491,0
Max,Castillo,KCR,14,246,89,157,5.14,0.14,0.1,1.29,5.36,118,5.33,-0.41,-0.1,0,19.8,0.34,96,21956,666721,1
Diego,Castillo,SEA,8.2,162,60,102,6.23,0.17,0.17,2.08,7.44,154,6.47,-0.12,-0.2,-0.1,17.8,0.35,82,17496,650895,0
Jose,Castillo,SDP,0.1,23,15,8,108,0,0.33,0,30.29,2593,35.08,-0.03,0,-0.2,17.7,0.33,104,17169,620454,0
Willi,Castro,MIN,1.1,14,7,7,0,0,0,0,3.29,0,4.49,0,0,0,13,0.25,26,17338,650489,2
Miguel,Castro,ARI,36.1,559,195,364,3.47,0.2,0.1,0.99,4.36,79,4.56,0.47,0.2,0.8,17.3,0.22,99,15684,612434,0
Harold,Castro,COL,2,29,12,17,9,0,0.09,0,6.29,180,9.48,0,0,0,11.1,0.56,,14691,605612,1
Dylan,Cease,CHW,102.2,1860,700,1160,4.3,0.28,0.09,1.05,3.78,101,3.9,-0.66,2,1.1,18.9,0.46,113,18525,656302,1
Luis,Cessa,CIN,26,465,172,293,9,0.08,0.09,1.04,5.44,194,5.6,-1.04,0.1,-0.6,17.4,0.46,84,13345,570666,1
Andrew,Chafin,ARI,30.1,527,200,327,3.26,0.34,0.1,0.89,2.89,74,2.82,-0.08,0.8,0.6,20.2,0.33,100,12988,605177,3
Aroldis,Chapman,- - -,32.1,568,214,354,2.23,0.43,0.15,0,1.62,51,2.46,0.53,1.4,1,19.6,0.31,136,10233,547973,0
JT,Chargois,MIA,21.1,344,129,215,3.38,0.2,0.1,0.42,3.57,80,4.01,0.29,0.2,0.3,19.1,0.26,106,13767,608638,1
Jesse,Chavez,ATL,29,492,178,314,1.55,0.31,0.08,0.31,2.49,35,2.98,0.27,0.8,1.2,16.3,0.35,103,5448,445926,2
Chi,Chi Gonzalez,MIA,2.2,50,19,31,3.38,0.15,0.08,0,2.91,80,4.11,-0.01,0,0,22.5,0.7,78,14663,592346,1
Yonny,Chirinos,TBR,58,899,337,562,3.88,0.12,0.08,1.09,5.06,96,5.4,-0.45,-0.1,0.5,17.8,0.46,99,16401,630023,0
Adam,Cimber,TOR,20.2,373,127,246,7.4,0.13,0.07,2.61,7.5,176,5.35,-1.17,-0.6,-0.7,17.3,0.47,112,15288,643256,1
Jose,Cisnero,DET,33,536,187,349,3.55,0.25,0.1,1.09,4.23,85,4.49,-0.78,0.1,0.1,20.1,0.36,108,6399,542585,2
Aaron,Civale,CLE,52.2,843,295,548,2.56,0.21,0.08,0.68,3.63,60,4.4,1.11,1,1.9,16.8,0.34,110,19479,650644,3
Taylor,Clarke,KCR,37.2,696,244,452,5.97,0.24,0.1,1.91,5.31,137,4.88,-0.91,-0.3,-0.5,19.9,0.42,104,17611,664199,0
Emmanuel,Clase,CLE,42.2,658,217,441,3.38,0.22,0.07,0.42,2.96,80,3.47,-1.07,1,0.1,18.6,0.39,157,21032,661403,0
Alex,Claudio,MIL,0.1,4,0,4,0,0,0,0,3.29,0,3.29,-0.02,0,0,14,1,100,12890,592222,0
Garrett,Cleavinger,TBR,12,211,84,127,3,0.29,0.13,1.5,4.87,75,4.3,-0.56,-0.1,0.2,21.7,0.26,102,17897,664076,0
Kody,Clemens,PHI,2.2,41,18,23,3.38,0.07,0.2,0,5.91,77,7.71,0,0,0,12.8,0,-82,20572,665019,4
Ernie,Clement,TOR,1,20,6,14,9,0,0,0,6.29,214,7.89,0,0,0,13.3,0.67,,20352,676391,2
Mike,Clevinger,CHW,62.2,1083,406,677,3.88,0.19,0.1,1.29,4.9,91,5.45,0.34,0.7,1.3,20.9,0.36,99,12808,605182,2
Alex,Cobb,SFG,89.2,1467,513,954,2.91,0.23,0.06,0.6,3.04,68,3.22,1.12,2.1,2.6,18.6,0.45,88,6562,502171,0
Gerrit,Cole,NYY,117,1885,638,1247,2.85,0.26,0.07,0.85,3.43,68,3.88,1.67,2.4,3.4,18.4,0.4,123,13125,543037,1
Dylan,Coleman,KCR,6.2,139,65,74,14.85,0.22,0.22,1.35,6.44,340,6.17,-0.14,-0.1,-0.4,19.5,0.4,105,22276,669395,4
Alex,Colome,CHW,3,63,25,38,6,0.13,0.2,3,9.29,141,5.49,-0.39,-0.2,-0.3,19.7,0.4,94,6661,517008,0
Roansy,Contreras,PIT,68.1,1145,415,730,6.59,0.18,0.11,1.45,5.22,151,5.16,-1.54,0.1,-0.6,17.8,0.45,98,22810,672710,3
Patrick,Corbin,WSN,101.2,1666,618,1048,5.13,0.15,0.07,1.5,5.13,117,4.62,-1.18,0.7,0.4,17.8,0.46,80,9323,571578,2
Jimmy,Cordero,NYY,32.2,515,189,326,3.86,0.26,0.08,0.55,3.1,92,3.29,-0.05,0.5,0.3,18.1,0.38,130,15690,622772,0
Nestor,Cortes,NYY,59.1,1006,347,659,5.16,0.23,0.08,1.52,4.6,123,5.02,0.07,0.6,0.1,17,0.42,103,17874,641482,2
Tom,Cosgrove,SDP,21,305,103,202,1.71,0.24,0.05,0.43,3.05,41,3.95,-0.04,0.4,0.6,19.1,0.26,93,23443,676680,0
Danny,Coulombe,BAL,30.1,521,189,332,2.67,0.31,0.06,0.89,2.96,63,3.31,0.34,0.8,1.1,21,0.21,98,13293,543056,0
Jake,Cousins,MIL,9.1,202,93,109,4.82,0.16,0.22,0.96,6.4,111,5.86,-0.07,-0.1,0,18,0.32,107,21620,664776,0
Dylan,Covey,- - -,19,321,120,201,5.68,0.2,0.05,1.89,4.87,130,3.48,-0.75,0,-0.2,18.6,0.4,98,14825,592229,0
Austin,Cox,KCR,20.2,309,115,194,3.05,0.23,0.12,0.44,3.53,70,4.52,0.11,0.3,0.5,17.6,0.45,83,24604,680735,0
Brandon,Crawford,SFG,1,20,11,9,0,0,0.2,0,6.29,0,11.08,0,0,0,16.3,0,73,5343,543063,1
Kutter,Crawford,BOS,61.1,971,319,652,4.11,0.23,0.05,1.47,4.2,92,4.11,-0.34,0.8,1,19.1,0.36,107,20531,676710,0
Nabil,Crismatt,SDP,11,229,95,134,9.82,0.16,0.12,2.45,7.38,236,5.58,-1.02,-0.3,-0.6,16.6,0.35,92,17732,622503,0
Cooper,Criswell,TBR,21,364,128,236,5.14,0.23,0.08,1.29,4.76,128,4.12,-0.39,-0.1,-0.1,16,0.38,87,24975,681867,0
Garrett,Crochet,CHW,10,237,91,146,3.6,0.17,0.21,0.9,6.39,85,7.32,-0.26,-0.1,0,18.8,0.48,100,27463,676979,1
Wil,Crowe,PIT,9.2,179,75,104,4.66,0.19,0.19,0.93,5.87,107,5.03,-0.45,-0.1,-0.1,18.1,0.46,102,19800,640444,1
Fernando,Cruz,CIN,34,597,234,363,4.76,0.31,0.12,0.53,2.94,103,3.96,0.03,0.8,0,20,0.36,92,7048,518585,0
Jose,Cuas,KCR,36,636,236,400,4.25,0.26,0.1,1.25,4.45,97,4.34,-0.42,0,0.3,18.1,0.47,106,17701,621016,1
Johnny,Cueto,MIA,1,30,15,15,36,0,0.14,18,32.29,851,14.27,-0.31,-0.2,-0.3,13.9,0.5,77,6893,456501,1
Xzavion,Curry,CLE,46.1,716,235,481,3.11,0.16,0.05,0.97,4.11,73,5.05,0.11,0.1,0.5,19.3,0.45,92,25595,675540,0
John,Curtiss,NYM,17.2,253,101,152,4.08,0.16,0.09,1.53,5.27,100,5.32,-0.19,-0.1,0.1,17.8,0.43,95,16128,595928,0
Tyler,Cyr,LAD,1.2,26,8,18,0,0.33,0,0,0.89,0,1.85,0.01,0,0.1,19.3,0.75,82,18421,664202,0
Yu,Darvish,SDP,85,1415,508,907,4.87,0.25,0.08,1.16,4.04,117,3.88,-0.37,1.5,0.6,20,0.39,111,13074,506433,2
Tucker,Davidson,LAA,30.1,525,176,349,6.82,0.21,0.08,0.59,3.45,158,4.18,-0.18,0.3,-0.5,19.2,0.36,96,19871,656353,1
Zach,Davies,ARI,48.1,855,358,497,6.52,0.18,0.1,0.93,4.38,148,4.76,-0.83,0.6,-0.5,18.3,0.39,75,13183,605200,0
Noah,Davis,COL,18.2,396,149,247,10.61,0.17,0.1,1.93,6.13,212,5.14,-0.34,0,-0.4,19.7,0.36,87,25862,663562,0
Chase,De Jong,PIT,11.1,226,85,141,13.5,0.12,0.1,4.76,11.05,310,7.98,-0.24,-0.5,-0.7,17.8,0.36,92,15036,608328,5
Jose,De Leon,MIN,17.1,284,92,192,4.67,0.24,0.07,1.04,3.86,112,4.02,-0.01,0.2,0,16.9,0.34,110,15463,592254,0
Yerry,De Los Santos,PIT,11,163,64,99,0.82,0.21,0.14,0,3.29,19,4.3,0.11,0.1,0.4,17.7,0.21,94,21420,660787,0
Enyel,De Los Santos,CLE,36.1,565,212,353,2.48,0.22,0.1,0.5,3.7,58,4.79,1.42,0.3,1,19.8,0.32,93,18403,660853,0
Jacob,deGrom,TEX,30.1,451,148,303,2.67,0.39,0.04,0.59,1.57,63,2.3,0.55,1.4,0.8,17.4,0.33,161,10954,594798,3
Matt,Dermody,BOS,4,76,31,45,6.75,0.06,0.06,4.5,10.79,151,5.89,-0.15,-0.2,0,17.4,0.36,81,14844,571616,2
Anthony,DeSclafani,SFG,93.1,1438,515,923,4.44,0.19,0.05,1.16,4.12,104,4.08,-0.54,1.2,0.7,16.9,0.45,93,13050,543101,1
Reid,Detmers,LAA,85.2,1487,530,957,4.31,0.29,0.09,1.16,3.79,100,3.85,0.12,1.7,0.9,18.5,0.41,104,27468,672282,2
Chris,Devenski,LAA,33,526,194,332,3.82,0.24,0.07,1.09,3.83,89,3.81,-0.51,0.5,0.4,18.4,0.4,88,12763,606965,0
Alexis,Diaz,CIN,40,665,262,403,2.03,0.37,0.12,0.23,2.36,44,3.12,3.94,1.8,2,18.4,0.4,94,21132,664747,0
Jake,Diekman,- - -,30.2,548,234,314,4.4,0.27,0.18,0.88,4.59,105,4.47,-0.24,0,-0.5,19.4,0.32,127,5003,518617,0
Brandon,Dixon,SDP,1,7,3,4,0,0,0,0,3.29,0,6.48,0,0,0,10.5,0.33,-213,15214,641525,0
Dylan,Dodd,ATL,24.1,404,123,281,7.4,0.11,0.07,2.96,7.69,167,6.23,-0.59,-0.5,-0.3,16.4,0.45,80,29928,689266,0
Seranthony,Dominguez,PHI,27,480,181,299,4.33,0.22,0.09,1,4.33,99,4.42,-0.36,0.2,-0.2,18.2,0.34,123,19249,622554,5
Josh,Donaldson,NYY,1,11,4,7,0,0,0,0,3.29,0,6.48,0,0,0,13.4,0.67,33,5038,518626,0
Camilo,Doval,SFG,41,695,255,440,2.63,0.34,0.1,0.44,2.82,62,3.24,1.26,1.1,0.8,18.9,0.44,118,21992,666808,0
Daniel,Duarte,CIN,10.2,183,72,111,3.38,0.11,0.18,1.69,7.04,73,6.55,-0.02,-0.2,0.2,18.6,0.47,107,17480,650960,0
Shawn,Dubin,HOU,9,172,63,109,7,0.26,0.07,1,3.62,166,3.95,0.01,0.1,0,21.4,0.59,109,24977,681869,0
Matt,Duffy,KCR,1,11,4,7,0,0,0,0,3.29,0,8.08,0,0,0,16,0.75,27,13836,622110,1
Dane,Dunning,TEX,86.1,1286,439,847,2.61,0.16,0.06,0.52,3.71,62,4.52,1.45,1.4,2.6,17.1,0.41,80,19409,641540,0
Jhoan,Duran,MIN,34.1,548,191,357,2.1,0.33,0.11,0.79,3.29,50,2.9,1.1,0.5,1,20.3,0.34,129,21029,661395,1
Nate,Eaton,KCR,1,22,9,13,0,0.2,0,0,1.29,0,1.29,0,0,0,15.5,0.5,97,25055,681987,1
Carl,Edwards Jr.,WSN,31.2,566,214,352,3.69,0.17,0.12,0.28,3.89,84,4.99,-0.38,0.4,0.5,19.4,0.29,83,13607,605218,1
Zach,Eflin,TBR,97.1,1398,447,951,3.24,0.26,0.04,0.92,3.09,80,3.09,0.57,2.5,2.6,18,0.38,96,13774,621107,1
Bryce,Elder,ATL,102.2,1620,588,1032,2.45,0.19,0.07,0.7,3.79,55,4.01,2,1.7,4,17.2,0.41,75,27779,693821,3
Mason,Englert,DET,51.2,866,305,561,4.35,0.17,0.07,1.92,5.57,104,4.91,-0.15,-0.7,-0.3,19.8,0.45,90,22288,669438,0
Nathan,Eovaldi,TEX,117.2,1739,623,1116,2.83,0.24,0.07,0.61,3.19,67,3.65,2.03,2.9,3.8,18.3,0.42,102,9132,543135,0
Lucas,Erceg,OAK,24.1,499,213,286,5.55,0.3,0.12,0,2.59,138,3.84,0.16,0.6,-0.5,18.9,0.32,106,19360,668674,1
Paolo,Espino,WSN,0.2,27,13,14,13.5,0.4,0.2,0,1.79,307,4.18,0,0,0,21.6,1,123,8246,502179,1
Carlos,Estevez,LAA,35,595,208,387,1.8,0.29,0.12,0.77,3.57,42,4.19,2.16,0.6,1.5,17.8,0.44,118,14542,608032,0
Jeremiah,Estrada,CHC,10.2,238,93,145,6.75,0.23,0.21,3.38,9.1,156,6.62,-0.43,-0.4,-0.2,20,0.71,143,22210,669093,0
Alex,Faedo,DET,29.2,469,148,321,6.98,0.23,0.03,2.12,4.87,167,4.01,-1.13,0.2,-0.5,17.6,0.38,93,19874,656412,0
Pete,Fairbanks,TBR,17.1,241,80,161,1.56,0.25,0.12,0.52,3.63,39,3.99,0.17,0.3,0.8,20.1,0.28,123,17998,664126,0
Bailey,Falter,PHI,40.1,662,219,443,5.13,0.16,0.05,1.56,4.75,117,4.51,-1.45,0.5,-0.5,19.1,0.36,79,20070,663559,0
Jeurys,Familia,OAK,12.2,256,116,140,6.39,0.14,0.2,1.42,7.24,159,6.82,-0.95,-0.4,-0.6,20.7,0.39,86,5114,544727,1
Buck,Farmer,CIN,44.1,702,255,447,3.65,0.21,0.07,1.42,4.57,79,4.65,-0.29,0.3,0.8,17.8,0.37,98,14814,571656,0
Calvin,Faucher,TBR,19,373,146,227,5.21,0.18,0.13,0.95,4.87,129,4.68,-0.12,0,-0.1,17.8,0.47,108,20116,676534,2
Angel,Felipe,OAK,2,16,3,13,0,0.17,0,0,2.29,0,3.09,0,0,0.1,18.1,0.4,116,21163,665734,1
Ryan,Feltner,COL,35.1,639,236,403,5.86,0.2,0.15,0.51,4.36,117,5.21,-0.51,0.6,0.2,18.3,0.33,93,21446,663372,0
Caleb,Ferguson,LAD,32.1,565,198,367,2.78,0.27,0.08,0.56,3.32,65,3.65,0.92,0.7,0.8,21,0.32,107,19349,657571,0
Matthew,Festa,SEA,7.2,164,74,90,4.7,0.33,0.25,1.17,5.37,116,5.55,-0.25,-0.1,0,19.4,0.33,109,19330,670036,5
Kyle,Finnegan,WSN,37,616,228,388,3.41,0.23,0.09,1.22,4.37,77,4.08,0.23,0.3,0.6,20.9,0.51,108,15009,640448,0
Jack,Flaherty,STL,92.2,1667,668,999,4.27,0.22,0.12,0.58,4.02,102,4.46,0.03,1.4,1.3,19,0.37,93,17479,656427,2
Josh,Fleming,TBR,48.2,724,273,451,4.62,0.12,0.09,1.66,5.88,115,4.62,-0.41,-0.6,0.1,16.7,0.5,85,20418,676596,0
Chris,Flexen,SEA,42,728,257,471,7.71,0.15,0.1,2.36,6.67,191,5.2,-1.23,-0.6,-1,19,0.42,92,13896,623167,1
Dylan,Floro,MIA,33.2,541,191,350,4.28,0.25,0.06,0.53,2.81,101,2.94,-0.16,0.7,-0.3,19.3,0.38,103,13394,571670,1
Jason,Foley,DET,38.2,568,188,380,2.09,0.23,0.05,0,2.15,50,3.1,1.22,1.2,1.4,19.7,0.43,101,19531,671345,0
Mike,Ford,SEA,2,42,19,23,18,0,0.08,9,17.79,446,10.38,0,-0.1,-0.1,9.9,0.46,10,15585,645801,3
J.P.,France,HOU,66.1,1026,398,628,3.26,0.18,0.08,1.36,4.8,77,4.62,0.57,0.5,1.8,18.5,0.37,105,21212,641585,0
Bowden,Francis,TOR,13.2,211,72,139,2.63,0.22,0.07,1.98,5.26,63,4.98,0.31,-0.1,0.3,19.5,0.44,107,20548,670102,2
Kyle,Freeland,COL,96.2,1527,540,987,4.93,0.15,0.08,1.49,5.1,99,5.08,0.01,0.9,1.2,19.6,0.41,63,16256,607536,0
Luis,Frias,ARI,6.2,137,61,76,10.8,0.22,0.19,1.35,5.99,245,5.24,-0.47,-0.1,-0.4,19,0.48,99,21997,666818,0
Max,Fried,ATL,26,419,147,272,2.08,0.24,0.06,0.69,3.06,47,3.16,0.86,0.6,0.9,18.8,0.29,94,13743,608331,0
David,Fry,CLE,1,8,3,5,0,0,0,0,3.29,0,4.89,0,0,0,9.8,0.33,,24934,681807,2
Shintaro,Fujinami,OAK,44.1,839,354,485,9.14,0.22,0.14,1.02,5,227,5.52,-1.41,0.1,-1.9,20.7,0.46,107,31839,660261,0
Michael,Fulmer,CHC,39,623,234,389,4.62,0.25,0.11,1.15,4.21,107,4.31,-1.58,0.2,0,19.1,0.29,102,13218,605242,1
Hunter,Gaddis,CLE,31.1,496,176,320,5.17,0.16,0.07,1.15,4.85,122,5.89,-0.3,0.2,0.1,17.2,0.36,88,25636,683769,0
Matt,Gage,HOU,6.2,119,51,68,2.7,0.3,0.11,1.35,4.19,64,2.72,0.09,0,0.1,18.4,0.25,97,17381,657424,3
Giovanny,Gallegos,STL,36,552,194,358,4.25,0.24,0.06,1.75,4.54,102,4.1,0.25,0.1,0.2,20.1,0.48,102,14986,606149,0
Zac,Gallen,ARI,118.1,1796,627,1169,3.04,0.27,0.05,0.68,2.77,69,3.46,1.84,3.7,3.4,19.7,0.43,106,19291,668678,0
Deivi,Garcia,NYY,5.2,117,50,67,1.59,0.12,0.16,1.59,6.64,38,7.17,0,-0.1,0.1,18.1,0.5,100,20276,665620,0
Luis,Garcia,HOU,27,468,168,300,4,0.27,0.09,1,3.66,95,4.11,0.1,0.7,0.5,20.9,0.33,92,23735,677651,0
Yimi,Garcia,TOR,35.2,627,234,393,4.79,0.27,0.06,1.26,3.71,114,3.05,-0.54,0.3,-0.3,18.6,0.35,113,12095,554340,0
Luis,Garcia,SDP,30.2,529,216,313,5.58,0.23,0.1,0.88,4.2,134,3.92,-0.69,0.1,-0.5,20.1,0.32,108,6984,472610,0
Rico,Garcia,OAK,8.2,184,77,107,8.31,0.14,0.11,4.15,9.63,207,6.4,-0.03,-0.4,-0.3,19.1,0.36,107,20023,670329,0
Amir,Garrett,KCR,24.1,476,199,277,3.33,0.25,0.18,1.48,5.59,76,5.03,-0.44,-0.3,0.2,18.1,0.42,92,14375,607237,5
Braxton,Garrett,MIA,92.1,1408,457,951,3.7,0.27,0.04,1.17,3.44,88,3,1.25,1.8,1.8,17.7,0.46,87,21844,666129,0
Reed,Garrett,BAL,2.2,52,16,36,10.13,0,0.06,0,4.41,240,5.01,-0.04,0,-0.1,21.1,0.4,106,16866,657585,0
Justin,Garza,BOS,17.2,334,127,207,6.11,0.2,0.14,1.53,5.78,137,5.74,-0.81,-0.2,-0.3,17.7,0.43,101,19784,621057,1
Kevin,Gausman,TOR,115.2,1906,651,1255,3.03,0.33,0.06,0.7,2.46,72,2.9,1.31,4,2.9,19.9,0.46,110,14107,592332,2
Domingo,German,NYY,85.2,1314,436,878,4.52,0.24,0.07,1.58,4.68,108,4.15,0.06,0.7,0.5,17.6,0.4,94,17149,593334,1
Ian,Gibaut,CIN,43,665,226,439,3.35,0.2,0.1,1.26,4.96,72,5.15,-0.75,0,0.9,19.7,0.29,104,17871,664139,1
Kyle,Gibson,BAL,102.2,1666,639,1027,4.73,0.18,0.08,0.79,4.05,112,4.59,-0.31,1.5,1.1,20.3,0.44,91,10123,502043,0
Tyler,Gilbert,ARI,3,37,16,21,3,0.18,0.09,0,2.95,68,4.02,0.01,0,0.1,19.9,0.38,80,17964,656457,0
Logan,Gilbert,SEA,101.1,1508,496,1012,3.82,0.25,0.05,1.07,3.45,95,3.64,0.24,2.2,1.6,18.1,0.4,102,22250,669302,0
Logan,Gillaspie,BAL,9,191,68,123,6,0.17,0.11,2,6.4,142,5.11,-0.87,-0.2,-0.2,20.1,0.63,97,22461,670810,1
Kevin,Ginkel,ARI,33,537,204,333,2.45,0.22,0.08,0.55,3.32,56,3.69,0.09,0.3,0.4,18.2,0.32,109,19876,656464,6
Lucas,Giolito,CHW,105.1,1752,634,1118,3.5,0.26,0.07,1.37,4.16,82,4.23,0.09,1.6,2,19.1,0.42,94,15474,608337,1
Mychal,Givens,BAL,4,90,38,52,11.25,0.09,0.27,0,7.54,266,8.34,-0.39,-0.1,-0.4,17.6,0.46,101,10430,571710,6
Tyler,Glasnow,TBR,41.2,720,254,466,4.1,0.36,0.09,1.51,3.62,102,2.74,-0.66,0.7,0.6,18.8,0.51,120,14374,607192,1
Austin,Gomber,COL,90,1447,546,901,6.4,0.15,0.08,2,5.89,128,4.9,-1.19,0.2,0.2,17.2,0.46,78,16561,596295,1
Tony,Gonsolin,LAD,67.2,1055,373,682,3.86,0.19,0.09,1.06,4.65,91,5.02,0.08,0.8,1,19.3,0.35,96,19388,664062,0
Marco,Gonzales,SEA,50,811,273,538,5.22,0.16,0.08,0.9,4.31,129,4.8,-0.54,0.6,-0.1,17.1,0.37,86,15467,594835,0
Victor,Gonzalez,LAD,23.2,376,137,239,5.32,0.22,0.07,0.76,3.8,125,3.91,-0.2,0.2,-0.1,18.9,0.34,79,16408,624647,0
MacKenzie,Gore,WSN,89.2,1639,609,1030,4.42,0.28,0.1,1.41,4.25,100,3.75,-0.35,1.5,1.6,19,0.47,104,22201,669022,0
Trevor,Gott,- - -,31,503,168,335,3.77,0.24,0.06,0.58,2.97,94,3.98,-0.81,0.6,-0.4,16.6,0.4,99,15046,641627,0
Brusdar,Graterol,LAD,39,557,168,389,1.85,0.19,0.04,0.46,3.01,43,3.45,-0.09,0.8,0.9,15.2,0.34,114,20367,660813,0
Kendall,Graveman,CHW,39,625,233,392,2.77,0.23,0.11,1.15,4.67,65,4.97,0.6,0,0.7,17.9,0.35,111,15514,608665,1
Sonny,Gray,MIN,99.2,1635,605,1030,2.89,0.24,0.09,0.27,2.86,69,3.73,1.5,2.8,3.2,20.1,0.42,102,12768,543243,4
Jon,Gray,TEX,93,1387,473,914,3.29,0.2,0.08,1.06,4.37,78,4.49,0.51,1.1,2.3,19.6,0.35,96,14916,592351,1
Josiah,Gray,WSN,100.1,1742,671,1071,3.41,0.21,0.11,1.26,4.79,78,4.7,0.64,1.1,2.6,20.1,0.37,89,24580,680686,6
Hunter,Greene,CIN,73.1,1353,499,854,3.93,0.31,0.1,1.1,3.59,85,3.87,-0.05,1.7,1.6,16.9,0.45,125,22182,668881,4
Zack,Greinke,KCR,92.2,1438,504,934,5.44,0.16,0.03,1.75,4.95,124,4.37,-1.2,0.4,0.3,19.9,0.38,85,1943,425844,0
Michael,Grove,LAD,47,790,275,515,6.89,0.21,0.07,1.72,5.03,162,4.45,-0.96,0.2,-0.7,18.3,0.4,98,23221,675627,0
Javy,Guerra,- - -,15.1,305,138,167,5.87,0.13,0.25,0.59,7.14,137,8.48,-0.23,-0.3,0,19.5,0.38,115,17292,642770,0
Luis,Guillorme,NYM,1,12,6,6,0,0,0,0,3.29,0,8.08,0,0,0,8.5,0.75,,16451,641645,0
Josh,Hader,SDP,33.1,593,221,372,1.08,0.38,0.14,0.27,2.39,26,3.34,0.92,1.2,1.8,18.2,0.23,112,14212,623352,1
DL,Hall,BAL,3,75,26,49,6,0.47,0.07,3,3.95,142,1.22,-0.03,0,0,16.2,0.29,86,22207,669084,0
Ian,Hamilton,NYY,26.2,456,160,296,2.03,0.29,0.09,0.68,2.99,48,2.73,0.75,0.4,0.8,19.5,0.34,105,19261,641656,2
Brad,Hand,COL,29.2,568,216,352,5.16,0.26,0.1,0.91,3.96,103,4.26,-0.35,0.3,0.2,20.8,0.42,86,9111,543272,2
Hobie,Harris,WSN,18.1,330,124,206,5.4,0.1,0.14,0.98,5.85,123,6.87,-0.09,-0.1,-0.1,18.2,0.43,106,18615,665048,0
Hogan,Harris,OAK,43,740,270,470,6.07,0.19,0.1,1.05,4.64,151,5.39,-0.39,0.2,-0.5,16.1,0.44,83,21520,663687,0
Josh,Harrison,PHI,1.2,44,20,24,27,0,0.13,0,6.89,614,9.76,0,0,-0.2,12.1,0.46,-18,8202,543281,0
Grant,Hartwig,NYM,9.2,152,60,92,0.93,0.18,0.15,0,3.7,23,4.86,0.15,0.1,0.4,17.9,0.35,96,29946,701643,0
Hunter,Harvey,WSN,38.1,617,205,412,3.29,0.29,0.08,1.17,3.71,75,3.47,-0.24,0.6,0.8,18.6,0.46,121,15507,640451,0
Thomas,Hatch,TOR,4,86,33,53,2.25,0.36,0.18,0,2.29,53,3.09,-0.03,0.1,0,21,0.4,102,19264,641672,0
Brent,Headrick,MIN,15,262,89,173,5.4,0.28,0.11,1.2,4.22,129,4.94,-0.05,0,-0.1,15.6,0.37,84,27702,687396,0
Andrew,Heaney,TEX,86,1528,575,953,4.71,0.25,0.1,1.78,5.2,111,4.48,-0.76,0.2,0.4,17.4,0.38,99,15423,571760,1
Taylor,Hearn,TEX,7,138,49,89,10.29,0.21,0.12,1.29,4.86,243,4.83,-0.04,0,-0.2,19.1,0.35,116,18325,621368,0
Jon,Heasley,KCR,4.2,56,17,39,3.86,0.17,0,0,2,88,4.06,-0.05,0.1,0,17,0.47,98,22224,669169,0
Ben,Heller,ATL,8.2,153,59,94,3.12,0.26,0.13,0,3.4,70,5.06,0.11,0.1,0.1,17.1,0.59,83,15100,621294,1
Ryan,Helsley,STL,25,422,149,273,3.24,0.32,0.11,0.36,2.61,78,3.49,-1.27,0.8,0.5,20.4,0.36,156,18138,664854,2
Heath,Hembree,TBR,1.1,18,6,12,0,0.5,0.25,0,2.54,0,2.54,0.01,0,0,19.9,0,118,11632,592390,0
Kyle,Hendricks,CHC,47.2,698,239,459,2.64,0.14,0.05,0.38,3.46,61,4.89,0.35,1.1,1.1,18.4,0.34,62,12049,543294,3
Liam,Hendriks,CHW,5,87,36,51,5.4,0.15,0.05,1.8,5.29,127,4.6,0.27,-0.1,0,19.1,0.44,115,3548,521230,0
Tommy,Henry,ARI,74.1,1128,409,719,3.75,0.16,0.09,1.45,5.27,85,5.36,0.49,0.3,1.8,20,0.31,83,26285,674072,0
Sam,Hentges,CLE,23.1,359,129,230,4.24,0.22,0.1,0.77,3.8,100,3.37,1.01,0.1,-0.1,19.3,0.51,97,18548,656529,1
Jimmy,Herget,LAA,15.2,256,89,167,5.17,0.15,0.07,2.3,6.67,120,5.49,-0.88,-0.4,0,20.2,0.35,109,17556,623474,0
Kevin,Herget,CIN,22,379,139,240,5.73,0.12,0.06,1.64,5.74,123,5.7,-0.29,-0.1,-0.1,16.1,0.47,72,15369,643361,0
Yonny,Hernandez,LAD,1,10,2,8,0,0,0,0,3.29,0,6.48,0,0,0,15.2,0,,19432,660634,1
Jose,Hernandez,PIT,27.1,406,137,269,2.63,0.26,0.06,0.99,3.43,60,3.59,-0.26,0.3,0.4,17.7,0.37,97,22318,669796,0
Carlos,Hernandez,KCR,42.2,718,238,480,4.01,0.29,0.06,0.63,2.63,92,3.44,-0.54,0.9,0.4,18.1,0.4,129,22713,672578,0
Jonathan,Hernandez,TEX,21.2,391,158,233,6.65,0.23,0.11,1.66,5.5,157,4.95,-0.74,-0.2,-0.5,18.4,0.41,111,17464,642546,0
Jose,Herrera,ARI,1,27,8,19,18,0,0,0,3.29,408,6.48,0,0,-0.1,14.9,0.57,,17040,645444,0
Tim,Herrin,CLE,20.1,376,133,243,5.75,0.26,0.07,1.33,4.12,136,4.01,-0.53,0,-0.2,18.5,0.4,101,25139,682120,1
Jordan,Hicks,STL,36.2,688,278,410,3.93,0.33,0.14,0.49,3.12,94,3.33,-1.1,0.6,0.1,19.9,0.36,129,19618,663855,1
Tim,Hill,SDP,37.2,569,191,378,3.82,0.14,0.06,1.43,5.41,92,4.66,-0.51,-0.3,-0.2,16.8,0.48,94,16814,657612,1
Rich,Hill,PIT,98,1699,614,1085,4.78,0.21,0.09,1.19,4.44,110,4.56,-1.51,0.9,0.2,16.6,0.4,94,4806,448179,3
Garrett,Hill,DET,13.2,281,124,157,9.88,0.19,0.18,1.98,7.17,236,6.42,-0.19,-0.4,-1.1,19,0.36,94,25097,682051,2
Sean,Hjelle,SFG,17.1,346,130,216,7.79,0.24,0.14,0.52,4.04,183,4.3,-0.33,0.1,-0.9,18.6,0.44,125,21481,663546,0
Bryan,Hoeing,MIA,41.2,663,246,417,4.54,0.18,0.1,1.3,4.94,107,4.95,-0.26,0,0.2,18.7,0.44,95,26304,663773,1
Jeff,Hoffman,PHI,21.1,362,125,237,2.53,0.35,0.09,0.42,2.35,58,2.64,0.29,0.5,0.4,19.9,0.38,128,17432,656546,1
Colin,Holderman,PIT,28,473,166,307,3.86,0.24,0.07,1.29,3.93,89,3.5,0.64,0.2,0.3,19.1,0.51,114,22361,670059,0
Gavin,Hollowell,COL,7.1,133,49,84,6.14,0.24,0.12,1.23,4.92,123,4.46,-0.12,0,0,17.8,0.29,94,25427,668970,0
Clay,Holmes,NYY,35.1,576,212,364,2.29,0.32,0.1,0,2.13,55,2.81,1.15,1.1,1.2,19.8,0.4,130,13649,605280,0
Tyler,Holton,DET,46.2,694,243,451,1.93,0.21,0.08,0.77,3.7,46,3.95,0.61,0.4,1.3,17.5,0.32,87,26231,663947,0
Brent,Honeywell,SDP,41,722,281,441,3.51,0.21,0.09,1.76,5.41,84,4.43,-1.3,-0.3,0.5,19.1,0.48,90,16466,641703,2
Tanner,Houck,BOS,67.2,1065,384,681,5.05,0.23,0.08,1.2,4.23,113,3.8,-0.65,0.9,0.7,17.2,0.44,101,19879,656557,1
Adrian,Houser,MIL,51.1,902,338,564,3.68,0.15,0.08,0.88,4.28,85,4.66,0.01,0.6,0.8,18.4,0.42,84,12718,605288,1
Spencer,Howard,TEX,0.1,35,16,19,108,0,0.14,27,60.29,2549,30.87,-0.07,-0.1,-0.2,18.9,0.6,122,23252,675921,0
Daniel,Hudson,LAD,3,64,27,37,0,0.36,0.21,0,2.95,0,4.55,0.12,0,0.2,21.4,0,106,7146,543339,0
Dakota,Hudson,STL,5.1,86,40,46,3.38,0.14,0.14,1.69,6.29,81,5.95,0.12,-0.1,0.1,19.8,0.5,104,19206,641712,0
Bryan,Hudson,LAD,3.2,64,22,42,9.82,0.16,0.11,0,3.29,231,5.03,0,0,-0.1,17.7,0.29,89,19924,663542,0
Brandon,Hughes,CHC,13.2,239,97,142,7.24,0.27,0.13,1.32,4.68,168,4.3,-1.31,-0.1,-0.4,19.2,0.38,98,23460,676714,0
Tommy,Hunter,NYM,23.2,368,117,251,6.85,0.19,0.05,2.28,5.78,168,4.64,-0.45,-0.3,-0.7,18.4,0.43,82,1157,488984,0
Raisel,Iglesias,ATL,26.1,411,140,271,3.76,0.3,0.07,1.37,3.67,85,3.09,0.42,0.3,0.2,16.2,0.36,95,17130,628452,0
Kolton,Ingram,LAA,2.1,46,19,27,15.43,0.21,0.14,3.86,8.86,358,6.71,-0.08,-0.1,-0.1,17.5,0.89,84,26068,688427,0
Jake,Irvin,WSN,58.2,1028,393,635,4.6,0.16,0.11,1.07,5.13,105,5.67,-0.6,0.5,0.5,17.5,0.36,98,21504,663623,1
Cole,Irvin,BAL,37.2,654,224,430,5.5,0.19,0.08,1.19,4.51,130,4.95,-0.51,0.3,0.1,18.2,0.39,79,19244,608344,1
Jay,Jackson,TOR,7,106,34,72,1.29,0.23,0.08,1.29,4.29,31,4.94,0.22,0,0.2,21.4,0.39,101,7432,543351,0
Luke,Jackson,SFG,8.1,126,44,82,2.16,0.3,0.06,0,1.61,51,2.95,0.06,0.2,0.2,18.1,0.43,105,11752,592426,0
Zach,Jackson,OAK,18,372,156,216,2.5,0.29,0.13,0.5,3.12,62,4.44,-0.07,0.4,0.4,18.6,0.3,94,19493,667427,1
Andre,Jackson,LAD,17.2,305,100,205,6.62,0.2,0.04,2.55,5.67,156,3.98,-0.28,-0.1,-0.2,20,0.42,93,21298,656578,0
Joe,Jacques,BOS,10.2,160,59,101,5.06,0.18,0.02,0,2.07,113,3.27,-0.02,0.3,-0.2,19.3,0.4,108,25178,682175,1
Drey,Jameson,ARI,40.2,674,251,423,3.32,0.21,0.1,1.33,4.79,75,4.68,0.7,0,0.8,19.4,0.48,102,26260,686753,0
Kenley,Jansen,BOS,29.2,485,159,326,3.34,0.27,0.09,0.61,3.02,75,4.19,-0.24,1,0.7,20.8,0.31,125,3096,445276,3
Cristian,Javier,HOU,91.1,1566,586,980,4.34,0.22,0.07,1.28,4.26,103,4.93,0.16,1.4,1.3,18.7,0.37,97,17606,664299,2
Griffin,Jax,MIN,37,563,186,377,2.92,0.25,0.07,0,2.1,70,3.31,0.24,1.2,0.7,19.1,0.34,135,20253,643377,0
Joe,Jimenez,ATL,28.2,501,168,333,3.14,0.27,0.07,1.26,3.78,71,4.41,-0.24,0.2,0.3,18.1,0.48,108,15761,641729,0
Dany,Jimenez,OAK,6.2,130,60,70,5.4,0.13,0.2,2.7,8.69,134,7.42,-0.57,-0.4,-0.1,19.8,0.4,93,21170,666204,2
Pierce,Johnson,COL,34.2,658,245,413,6.49,0.31,0.13,1.82,4.79,130,4.01,-1.05,0.1,-0.4,20.2,0.53,115,13435,572955,0
Ben,Joyce,LAA,4,88,31,57,4.5,0.24,0.19,2.25,7.04,104,5.39,0.08,-0.1,0,16.7,0.42,96,31461,690829,0
Jakob,Junis,SFG,49.2,827,275,552,4.71,0.27,0.07,1.81,4.72,111,3.74,-0.83,-0.2,-0.1,16.2,0.36,115,13619,596001,3
Janson,Junk,MIL,4.2,79,27,52,7.71,0.08,0.08,1.93,6.5,177,5.09,-0.24,0,-0.2,20.3,0.3,94,23301,676083,0
Tommy,Kahnle,NYY,14.2,235,84,151,0,0.32,0.07,0,1.99,0,3.41,0.94,0.4,0.9,19.9,0.28,107,11384,592454,1
James,Kaprielian,OAK,61,1093,382,711,6.34,0.2,0.11,1.33,5.11,158,5.6,-1.45,0.3,-0.7,20.2,0.39,88,18331,621076,2
Ricky,Karcher,CIN,1,22,12,10,0,0,0.25,0,6.29,0,11.08,0.45,0,0.2,22.2,0,128,23449,676689,0
James,Karinchak,CLE,27.2,498,195,303,3.9,0.32,0.16,1.95,5.64,92,4.72,-0.78,-0.4,0.3,20.7,0.39,116,20151,675916,3
Karl,Kauffmann,COL,17.2,322,136,186,10.19,0.1,0.12,1.53,6.63,204,6.5,-1,-0.2,-0.6,18.5,0.56,76,27488,666154,0
Anthony,Kay,CHC,5.2,82,34,48,1.59,0.12,0.12,0,4.35,37,6.32,-0.67,0,0.2,17.9,0.39,104,20387,641743,0
Mitch,Keller,PIT,117,1876,627,1249,3.31,0.27,0.07,0.85,3.36,76,3.54,1.75,2.4,2.6,16,0.32,105,17594,656605,1
Brad,Keller,KCR,43.1,834,373,461,4.36,0.15,0.2,0.62,5.73,100,6.16,-0.34,-0.2,0.6,16.7,0.37,99,15734,641745,1
Trevor,Kelley,TBR,13.1,224,82,142,4.05,0.14,0.07,2.03,6.36,101,5.83,-0.07,-0.2,0.2,17.1,0.42,110,18454,665001,2
Carson,Kelly,ARI,1,15,7,8,0,0,0.2,0,6.29,0,7.89,0,0,0,11,0.25,,13620,608348,0
Kevin,Kelly,TBR,40.2,636,236,400,2.66,0.21,0.06,0,2.8,66,4.13,0.2,0.9,1.1,18.2,0.28,96,25679,687330,2
Merrill,Kelly,ARI,95,1503,543,960,3.22,0.26,0.1,0.95,3.86,73,3.82,0.31,1.7,2.3,18.9,0.4,96,11156,518876,0
Zack,Kelly,BOS,7.1,145,59,86,3.68,0.18,0.18,0,4.92,82,6.45,-0.06,0,0.1,20.3,0.55,100,20349,677161,3
Joe,Kelly,CHW,28,502,171,331,4.82,0.31,0.08,0.96,3.22,113,3.02,-0.92,0.5,-0.4,20.5,0.39,109,9761,523260,0
Brett,Kennedy,CIN,5,86,37,49,7.2,0.14,0.09,0,3.29,155,6.16,0.05,0.1,0,18.9,0.35,79,17877,664028,0
Ian,Kennedy,TEX,10,201,74,127,7.2,0.28,0.07,0.9,3.19,170,4.12,-0.92,0.1,-0.4,19.7,0.48,85,6986,453178,0
Ray,Kerr,SDP,8,120,47,73,5.63,0.21,0.03,3.38,6.79,135,3.51,-0.31,-0.2,-0.3,19.7,0.36,83,23809,678061,2
Clayton,Kershaw,LAD,95.1,1479,481,998,2.55,0.28,0.06,1.13,3.54,60,3.28,1.01,2.2,3.3,17.7,0.37,107,2036,477132,2
Yusei,Kikuchi,TOR,93.1,1592,567,1025,4.24,0.25,0.07,2.12,5.2,101,4.06,-0.34,0.3,1.3,19.2,0.44,109,20633,579328,0
Caleb,Kilian,CHC,3.1,89,32,57,18.9,0.17,0.09,0,4.49,438,5.45,-0.38,0,-0.3,20.3,0.6,94,26213,668873,1
Craig,Kimbrel,PHI,37,621,220,401,3.41,0.39,0.1,1.22,3.26,77,3.02,2.26,0.8,0.9,20.5,0.51,128,6655,518886,11
Isiah,Kiner-Falefa,NYY,4,51,16,35,2.25,0.06,0,0,2.79,54,6.78,0,0.1,0.1,12.3,0.47,62,16512,643396,0
Michael,King,NYY,48.2,758,278,480,2.77,0.25,0.08,0.55,3.16,66,3.71,0.32,0.8,1.2,19,0.26,112,19853,650633,2
John,King,TEX,18.2,268,85,183,5.79,0.12,0.05,0.48,3.56,137,3.8,0.21,0.1,-0.2,18.1,0.43,94,22051,667463,1
George,Kirby,SEA,107.2,1581,459,1122,3.09,0.21,0.02,0.92,3.3,77,3.69,1.21,2.5,2.8,19.4,0.41,105,25436,669923,0
Corey,Kluber,BOS,55,990,346,644,7.04,0.16,0.08,2.78,7.14,157,5.74,-0.96,-0.9,-0.9,19.1,0.4,94,2429,446372,0
Reiss,Knehr,SDP,5.2,124,54,70,15.88,0.13,0.16,4.76,11.41,381,6.78,-0.39,-0.3,-0.5,18.9,0.44,86,21541,663753,1
Matt,Koch,COL,6.2,62,19,43,0,0.09,0,0,2.69,0,5.08,0.18,0.1,0.3,19,0.43,91,13420,571863,0
Adam,Kolarek,LAD,1.1,19,7,12,0,0.4,0,0,0.29,0,1.49,-0.11,0.1,0.1,18.3,0.33,100,10843,592473,0
Michael,Kopech,CHW,86,1542,618,924,4.08,0.26,0.13,1.78,5.59,96,4.97,0.02,0,1.5,18.6,0.41,111,17282,656629,2
Jackson,Kowar,KCR,11.2,236,92,144,6.17,0.24,0.12,0.77,4.06,141,5.27,-0.06,0.1,-0.4,18.4,0.35,95,21549,663804,0
Dean,Kremer,BAL,98,1652,608,1044,4.78,0.22,0.06,1.84,4.95,113,4.27,0.02,0.3,0.7,19,0.45,99,19350,665152,3
Brooks,Kriske,KCR,6.2,92,34,58,4.05,0.24,0.16,2.7,7.19,93,5.2,-0.06,-0.1,0,19.4,0.33,97,21189,621139,0
Matt,Krook,NYY,3,80,30,50,21,0.05,0.2,3,10.95,500,8.75,-0.06,-0.1,-0.3,19.6,0.27,75,19315,640454,0
Chad,Kuhl,WSN,38.1,771,343,428,8.45,0.17,0.15,1.88,6.81,192,6.31,-1.82,-0.6,-1.2,17.5,0.5,102,14975,641771,1
Joel,Kuhnel,CIN,3.1,57,20,37,8.1,0,0.12,0,5.09,174,6.05,-0.02,0,-0.1,17.7,0.4,80,19995,669270,0
Jake,Lamb,LAA,1,8,3,5,0,0,0,0,3.29,0,8.08,0,0,0,10,0.75,,13329,571875,1
Jimmy,Lambert,CHW,24.1,449,168,281,6.29,0.24,0.12,2.59,6.58,148,5.07,-0.21,-0.4,-0.7,17.8,0.44,98,19541,669424,0
Peter,Lambert,COL,34.1,595,229,366,6.29,0.24,0.1,2.36,6,126,4.68,-0.21,-0.3,-0.2,20.2,0.52,91,17969,663567,0
Dinelson,Lamet,COL,25.2,565,241,324,11.57,0.23,0.16,2.1,6.6,232,5.49,-1.21,-0.2,-1.3,19.5,0.53,87,17186,659275,1
Alex,Lange,DET,35.2,626,266,360,3.79,0.29,0.14,0.25,3.23,90,4.08,1.63,0.5,0.4,18.7,0.37,120,19883,656638,2
Joe,LaSorsa,- - -,8.1,197,74,123,9.72,0.15,0.11,0,4.49,223,6.79,0.14,0,-0.4,17.4,0.28,74,25481,686747,0
Eric,Lauer,MIL,42.2,766,291,475,5.48,0.22,0.11,2.74,6.73,126,5.13,-1.04,-0.5,-0.4,18.2,0.45,83,19316,641778,3
Derek,Law,CIN,24,413,166,247,2.63,0.21,0.13,1.13,4.7,57,4.54,0.3,0.1,0.6,16.9,0.35,104,13133,571882,1
Justin,Lawrence,COL,44,640,231,409,2.86,0.24,0.12,0.2,3.08,57,3.95,1.3,1,1.1,18.3,0.39,100,17639,664875,0
Kyle,Leahy,STL,0.2,23,11,12,27,0.33,0.33,13.5,25.79,646,8.68,-0.26,-0.2,-0.2,17.4,1,114,24763,681517,0
Jose,Leclerc,TEX,25,437,177,260,3.24,0.27,0.15,1.08,4.41,76,5.08,-0.77,0.1,0.2,19.3,0.32,104,14524,600917,0
Dylan,Lee,ATL,20.1,333,94,239,3.1,0.27,0.08,0.89,3.34,70,3.71,0.71,0.3,0.3,18.7,0.4,91,19996,669276,0
Casey,Legumina,CIN,11.2,218,85,133,6.17,0.2,0.14,2.31,6.8,133,4.69,-0.13,-0.2,-0.3,17.7,0.35,107,25921,668984,0
Mark,Leiter Jr.,CHC,36.2,610,247,363,3.19,0.35,0.08,0.74,2.82,74,2.76,0.54,0.8,0.6,21.3,0.43,83,15551,643410,1
Sandy,Leon,TEX,1,18,6,12,18,0,0,9,19.29,425,12.68,0,-0.1,-0.1,13.3,0.25,,5273,506702,0
Dominic,Leone,NYM,23.2,376,141,235,4.94,0.24,0.09,1.9,5.27,121,4.48,-0.47,-0.2,-0.1,21.3,0.43,104,13763,608678,0
Josh,Lester,BAL,1,18,8,10,0,0.2,0.2,0,4.29,0,9.08,0,0,0,12.7,0.33,-28,17737,623507,0
Matthew,Liberatore,STL,32,591,236,355,6.75,0.14,0.1,0.56,4.69,162,5.78,-1.39,0.3,-0.7,17.8,0.43,86,22294,669461,0
Jeff,Lindgren,MIA,7,97,41,56,5.14,0.04,0.14,0,4.72,122,7.68,-0.06,0,0,17.4,0.44,94,25830,689167,0
Zack,Littell,- - -,17.1,292,89,203,5.71,0.23,0.07,1.56,4.33,138,3.64,-0.18,0.1,-0.1,18.4,0.5,97,15823,641793,0
Ben,Lively,CIN,46,721,268,453,4.11,0.23,0.07,1.96,5.14,88,4.22,0.62,0.3,1,17.2,0.36,78,14932,594902,1
Mauricio,Llovera,SFG,2,21,5,16,0,0.43,0,0,0.29,0,1.09,0.02,0.1,0.1,20,0.25,119,20080,661440,0
Jonathan,Loaisiga,NYY,3.1,28,5,23,2.7,0.08,0,2.7,7.49,64,5.03,0.01,-0.1,0.1,18.4,0.55,117,19753,642528,0
Nick,Lodolo,CIN,34.1,648,228,420,6.29,0.28,0.06,2.62,5.82,135,3.76,-0.39,0,0,18,0.4,96,26378,666157,1
Zach,Logue,DET,7,115,33,82,7.71,0.16,0.07,1.29,4.57,184,4.54,0.17,0,-0.2,19.6,0.38,68,20231,656657,0
Sammy,Long,OAK,33,561,195,366,4.36,0.18,0.09,0.82,4.14,109,4.65,0.49,0.1,0.1,18.2,0.43,85,25379,669674,0
Pablo,Lopez,MIN,111,1714,547,1167,3.89,0.31,0.07,0.97,3.18,93,3.44,0.44,2.7,2.1,19.4,0.36,101,17085,641154,1
Jose,Lopez,TBR,2,51,26,25,4.5,0.2,0.1,0,2.79,112,5.18,-0.13,0,0,18.1,0.57,95,22982,673111,0
Reynaldo,Lopez,CHW,38,715,268,447,4.74,0.28,0.13,1.66,4.92,111,4.37,-0.23,-0.1,-0.1,20.6,0.41,125,16400,625643,2
Jorge,Lopez,MIN,29,451,157,294,4.97,0.17,0.08,1.86,6.01,119,4.81,-0.47,-0.6,-0.3,18.4,0.46,114,14527,605347,2
Michael,Lorenzen,DET,87,1321,438,883,4.03,0.19,0.06,1.14,4.17,96,4.22,0.23,1,1.3,17.9,0.4,102,14843,547179,1
Aaron,Loup,LAA,24.2,423,131,292,5.47,0.2,0.1,0.73,4.06,127,4.88,-0.56,0.1,-0.4,19.2,0.39,99,10343,571901,1
Richard,Lovelady,OAK,23.1,379,133,246,4.63,0.25,0.1,1.16,4.57,115,4.55,0.04,0,-0.1,17.9,0.44,90,19337,663992,1
Joey,Lucchesi,NYM,22.1,336,123,213,4.43,0.18,0.09,1.61,5.17,109,4.84,0,0.1,0.2,18.7,0.44,76,19320,664192,2
Lucas,Luetge,ATL,9.2,236,93,143,10.24,0.2,0.12,1.86,6.08,231,4.71,-0.34,-0.2,-0.4,19.6,0.32,93,8337,476595,1
Seth,Lugo,SDP,63.2,1059,367,692,3.39,0.22,0.05,0.85,3.37,81,3.57,0.19,1.6,1.5,17.2,0.4,101,12447,607625,0
Jesus,Luzardo,MIA,103,1704,586,1118,3.32,0.29,0.06,0.96,3.22,79,3.49,0.9,2.4,2.4,15.7,0.39,103,19959,666200,0
Jordan,Lyles,KCR,96.2,1534,575,959,6.42,0.17,0.07,1.86,5.51,147,5.37,-2.72,0.1,-0.8,17.1,0.34,85,7593,543475,1
Daniel,Lynch,KCR,47.1,732,271,461,4.18,0.16,0.07,1.33,4.85,96,5.22,-0.02,0.4,0.7,16.8,0.31,78,21537,663738,1
Lance,Lynn,CHW,103,1825,652,1173,6.03,0.28,0.08,1.92,4.82,142,3.75,-1.76,1,-0.7,18.1,0.4,93,2520,458681,0
Andres,Machado,WSN,17,294,115,179,8.47,0.15,0.06,3.18,7.35,193,4.45,-0.5,-0.5,-0.6,19.1,0.36,101,14681,600921,1
Bligh,Madris,HOU,1,11,7,4,9,0,0.25,9,19.29,214,9.48,0,-0.1,0,13.4,0.67,100,20054,676632,0
Kenta,Maeda,MIN,33,516,179,337,5.18,0.26,0.06,1.09,3.47,124,3.98,-0.13,0.7,0,19.3,0.49,102,18498,628317,0
Tyler,Mahle,MIN,25.2,423,153,270,3.16,0.28,0.05,1.75,4.22,76,3.62,0.03,0.3,0.5,17.9,0.39,110,16358,641816,1
Luke,Maile,CIN,2,29,10,19,4.5,0,0,0,3.29,97,6.48,0,0,0,13.3,0.3,61,13355,571912,0
Sean,Manaea,SFG,57.1,1082,383,699,5.49,0.29,0.09,1.26,4.06,129,3.94,-1.25,0.5,-0.8,17,0.42,95,15873,640455,1
Matt,Manning,DET,29,445,160,285,3.72,0.17,0.09,1.24,5.15,89,5.84,0.38,0,0.6,18,0.45,99,20369,666159,0
Alek,Manoah,TOR,64,1246,489,757,5.91,0.18,0.14,1.55,5.98,140,5.76,-1.55,-0.3,-0.6,21.6,0.43,91,26410,666201,4
Joe,Mantiply,ARI,15.2,229,64,165,5.74,0.23,0.02,1.72,4.18,130,3.22,0.11,0.1,-0.1,18.5,0.4,96,14857,573009,0
Ron,Marinaccio,NYY,40,722,278,444,3.15,0.28,0.12,0.68,3.79,75,4.41,-0.03,0.4,0.5,20.7,0.34,111,23488,676760,0
German,Marquez,COL,20,303,110,193,4.95,0.21,0.04,1.8,4.64,99,3.48,-0.21,0.2,0.3,16.7,0.58,94,15038,608566,1
Alec,Marsh,KCR,9,186,72,114,7,0.24,0.17,3,8.07,160,6.22,-0.45,-0.2,-0.2,19.1,0.42,93,27451,679525,0
Yunior,Marte,PHI,23.2,410,147,263,5.32,0.23,0.09,1.52,4.6,121,3.95,-0.57,0.1,-0.5,19.6,0.36,117,14416,628708,0
Chris,Martin,BOS,27.2,377,92,285,1.63,0.22,0.03,0.33,2.42,36,2.87,1.52,0.8,1.3,20,0.29,107,11847,455119,1
Nick,Martinez,SDP,64.2,1021,356,665,3.9,0.2,0.09,1.11,4.36,94,4.08,0.32,0.5,0.7,19.6,0.29,92,12730,607259,0
Seth,Martinez,HOU,37,658,247,411,4.14,0.25,0.1,0.73,3.86,98,4.44,0.07,0.3,-0.1,18.4,0.44,106,21045,661527,0
Adrian,Martinez,OAK,23.2,415,159,256,5.7,0.2,0.08,1.14,4.39,142,4.56,-0.06,0,-0.3,19.4,0.37,83,21023,661309,0
Justin,Martinez,ARI,1,29,14,15,18,0.29,0.29,0,8.29,408,8.29,0,0,-0.1,20,0,94,24453,679885,0
Miles,Mastrobuoni,CHC,0.1,17,7,10,108,0,0,27,42.29,2502,8.08,0,-0.1,-0.1,16.4,1,,20017,670156,0
Phil,Maton,HOU,43.1,644,220,424,2.49,0.29,0.07,0.42,2.9,59,3.88,0,0.8,0.8,18.8,0.21,97,18064,664208,0
Steven,Matz,STL,66.1,1220,436,784,5.02,0.2,0.08,1.09,4.31,120,4.12,-1.28,0.6,0.1,16.2,0.39,94,13361,571927,1
Dustin,May,LAD,48,736,263,473,2.63,0.18,0.09,0.19,3.27,62,4.56,0.84,1.2,1.8,19.1,0.39,120,19716,669160,0
Trevor,May,OAK,22.2,416,171,245,5.16,0.18,0.19,1.59,6.95,128,6.91,0.16,-0.7,-0.4,19.2,0.39,94,6398,543507,0
Mike,Mayers,KCR,26.1,455,167,288,6.15,0.14,0.08,1.37,5.11,141,5.14,-0.8,-0.1,-0.3,19.5,0.35,95,15451,594577,0
Tim,Mayza,TOR,29.2,446,154,292,1.21,0.26,0.04,0,1.77,29,2.58,0.89,1,1.3,17.7,0.46,116,15042,641835,0
James,McArthur,KCR,1,40,18,22,63,0,0.1,9,19.29,1441,9.48,-0.02,-0.1,-0.2,18.2,0.56,109,21527,663704,0
Darren,McCaughan,SEA,4,88,32,56,6.75,0.32,0.14,2.25,5.29,167,3.64,-0.02,0,-0.1,17.5,0.5,102,20038,670766,0
Shane,McClanahan,TBR,96,1499,496,1003,2.53,0.26,0.1,1.03,3.86,63,3.89,2.12,1.5,3.6,17,0.4,111,21483,663556,1
T.J.,McFarland,NYM,1.1,26,10,16,6.75,0.17,0,0,4.04,166,4.04,-0.06,0,0,18.3,0,92,3237,519008,0
Easton,McGee,SEA,6.2,64,19,45,0,0.09,0.05,0,3.14,0,4.82,0.37,0.2,0.6,16.6,0.32,91,22176,668834,0
Scott,McGough,ARI,46.1,748,257,491,2.72,0.31,0.09,0.97,3.4,62,3.06,0.58,0.8,1.1,19.8,0.46,92,12056,543518,1
Collin,McHugh,ATL,35.2,627,234,393,3.28,0.15,0.08,0.76,4.38,74,5.03,0.25,0.1,0.3,18.2,0.34,110,7531,543521,2
Ryan,McKenna,BAL,1,18,7,11,18,0,0,0,3.29,426,4.89,0,0,-0.1,14.3,0.33,,19928,663630,0
Triston,McKenzie,CLE,10,171,61,110,4.5,0.36,0.1,0.9,2.79,106,3.25,-0.01,0.3,0.1,18,0.39,107,18000,663474,0
Zach,McKinstry,DET,1,22,7,15,18,0,0,9,16.29,430,6.48,0,-0.1,-0.1,11.9,0.67,1,19392,656716,0
Nick,Mears,COL,7,113,44,69,2.57,0.28,0.14,0,2.72,52,4.31,0.01,0.1,0.1,19.1,0.35,91,25376,683232,1
Victor,Mederos,LAA,2,50,20,30,13.5,0.14,0.21,0,7.29,313,9.68,-0.12,0,-0.1,18.4,0.38,117,31533,682989,0
Luis,Medina,OAK,59.2,1038,420,618,6.34,0.22,0.12,1.66,5.4,158,4.61,-1.6,-0.2,-0.9,19.1,0.44,107,21649,665622,2
Trevor,Megill,MIL,14.2,265,97,168,4.91,0.31,0.11,0,2.2,113,3.94,0.02,0.3,0,19.5,0.41,125,17722,656730,1
Tylor,Megill,NYM,71.1,1290,533,757,5.17,0.18,0.12,1.14,5.11,127,5.17,-1.63,0.1,-0.6,20.3,0.4,91,21318,656731,2
JC,Mejia,MIL,1.1,21,7,14,13.5,0.17,0,6.75,11.54,310,2.99,-0.25,-0.1,-0.1,16,0.4,115,20617,650496,0
Julian,Merryweather,CHC,36.1,657,243,414,3.47,0.31,0.12,0.5,2.82,80,3.69,-0.24,0.5,0.4,19.4,0.36,124,16703,657240,1
Keynan,Middleton,CHW,31,506,166,340,3.19,0.31,0.09,1.45,3.97,75,2.85,0.09,0.2,0.5,18.4,0.38,104,15264,641871,1
Miles,Mikolas,STL,112.2,1812,604,1208,4.23,0.16,0.05,0.8,3.86,101,4.63,0.11,2,1.7,16.6,0.41,89,9803,571945,1
Wade,Miley,MIL,61.2,936,343,593,3.36,0.15,0.06,1.17,4.62,77,4.95,1.16,0.6,1.6,14.4,0.32,91,8779,489119,3
Shelby,Miller,LAD,30,477,187,290,2.4,0.26,0.15,0.9,4.52,56,4.98,0.57,0,0.8,19.4,0.38,112,10197,571946,0
Mason,Miller,OAK,21.1,366,143,223,3.38,0.26,0.08,0.42,3.1,84,4.66,0.11,0.6,0.6,18.4,0.43,123,31757,695243,0
Bryce,Miller,SEA,59,917,298,619,3.97,0.24,0.05,0.92,3.46,98,4.03,0.64,1.3,1,19.6,0.4,119,29837,682243,1
Bobby,Miller,LAD,44,737,270,467,4.5,0.23,0.08,0.82,3.72,106,3.95,0.05,0.9,0.6,17.7,0.42,121,27483,676272,0
Tyson,Miller,MIL,9.1,142,52,90,5.79,0.17,0.07,1.93,5.86,133,5.3,-0.28,-0.1,-0.1,19.5,0.5,109,19976,668338,1
Alec,Mills,CIN,1,40,17,23,18,0,0.1,9,22.29,388,12.48,-0.06,-0.1,-0.2,20.6,0.5,69,13834,621219,0
Hoby,Milner,MIL,36,584,220,364,2.5,0.23,0.06,1,3.73,57,3.66,0.45,0.3,0.9,15.6,0.39,77,13346,571948,0
Tommy,Milone,SEA,9,163,60,103,2,0.08,0.15,1,6.07,50,7.28,0.02,-0.1,0.3,17.7,0.26,86,7608,543548,0
A.J.,Minter,ATL,40.1,639,213,426,4.91,0.32,0.06,0.89,2.84,111,3.33,0.11,1,0,20.4,0.38,114,18655,621345,1
Anthony,Misiewicz,- - -,8.1,171,66,105,8.64,0.14,0.07,2.16,6.05,200,5.61,-0.09,-0.1,-0.2,20.9,0.49,89,18152,664948,0
Carmen,Mlodzinski,PIT,10.1,150,60,90,2.61,0.19,0.07,1.74,5.42,60,4.14,-0.21,-0.1,0.1,16.7,0.47,83,27572,669387,0
Sam,Moll,OAK,32.1,561,198,363,5.01,0.27,0.11,0.28,3.41,125,4.15,0.11,0.4,-0.2,21.6,0.37,88,14874,594580,0
Rafael,Montero,HOU,36.1,663,239,424,6.94,0.23,0.09,1.98,5.46,165,4.58,-1.98,-0.3,-0.9,19.6,0.46,106,12760,606160,0
Jordan,Montgomery,STL,103,1639,580,1059,3.23,0.22,0.06,0.87,3.53,77,3.82,0.05,2.3,2.3,19.6,0.36,99,16511,656756,2
Matt,Moore,LAA,25,363,123,240,1.44,0.22,0.07,0.72,3.73,33,4.67,1.24,0.2,1.1,20.4,0.39,101,1890,519043,3
McKinley,Moore,PHI,3.1,86,40,46,18.9,0.1,0.24,2.7,12.29,430,10.78,-0.06,-0.1,-0.3,18.9,0.42,113,25663,686842,0
Jovani,Moran,MIN,35.1,619,246,373,4.08,0.27,0.13,0.51,3.4,98,4.07,-0.09,0.4,0,19.3,0.27,96,20422,663558,2
Adrian,Morejon,SDP,7.2,127,50,77,3.52,0.2,0.11,1.17,4.72,85,4.69,0.08,0,0.2,20.7,0.42,109,20039,670970,1
Dauri,Moreta,PIT,39.2,659,251,408,3.4,0.31,0.12,0.68,3.29,78,3.83,0.13,0.6,0.4,20.1,0.33,81,21101,664294,2
Eli,Morgan,CLE,38,630,200,430,1.89,0.24,0.06,0.95,3.45,45,3.8,0.8,0.4,0.8,17.7,0.31,85,20203,669212,0
Reyes,Moronta,LAA,1.1,48,20,28,6.75,0.18,0.27,6.75,16.79,157,9.43,-0.06,-0.1,0,18.5,0.5,112,14966,606625,0
Cody,Morris,CLE,2,35,15,20,0,0.43,0,0,0.29,0,1.89,0.1,0.1,0.1,20.7,0.75,113,25388,663752,0
Charlie,Morton,ATL,97,1667,633,1034,3.43,0.26,0.1,0.93,3.79,77,3.89,0.25,1.7,2.2,17.3,0.38,108,4676,450203,1
Zach,Muckenhirn,NYM,6,95,36,59,6,0.1,0.07,0,3.79,147,6.45,-0.03,0,-0.1,17.8,0.48,73,20209,669105,0
Kyle,Muller,OAK,52,964,369,595,7.79,0.15,0.11,1.73,6.1,194,5.29,-1.77,-0.4,-1.1,17.9,0.5,84,20167,666205,2
Andres,Munoz,SEA,16,247,74,173,2.81,0.38,0.08,0.56,2.04,70,2.12,0.23,0.5,0.4,17.9,0.31,124,20373,662253,0
Penn,Murfee,SEA,14,224,75,149,1.29,0.28,0.17,0.64,4.29,32,4.16,-0.31,0,0.2,19.7,0.26,122,25174,682171,1
Chris,Murphy,BOS,13.2,234,92,142,1.98,0.23,0.07,0.66,3.21,44,3.67,0.12,0.1,0.4,16.8,0.36,99,26214,669684,0
Joe,Musgrove,SDP,73.1,1162,390,772,3.56,0.24,0.06,0.98,3.6,85,3.77,0.39,1.6,1.6,18.7,0.3,104,12970,605397,6
Parker,Mushinski,HOU,4.1,93,33,60,4.15,0.25,0.08,0,3.98,99,5.09,-0.02,0,0,19.8,0.54,119,21324,656786,0
James,Naile,STL,7.2,201,76,125,11.74,0.08,0.15,0,4.98,281,6.03,-0.16,0,-0.5,18.9,0.46,88,18186,664942,0
Andrew,Nardi,MIA,36.2,590,198,392,3.19,0.32,0.07,1.72,4.13,75,3.13,1.36,0.2,0.6,18.1,0.29,109,25942,677053,0
Packy,Naughton,STL,5,68,26,42,0,0.29,0.06,0,1.89,0,2.85,0.03,0.1,0.2,16.7,0.46,75,23292,676050,0
Zach,Neal,OAK,3.1,36,6,30,8.1,0.21,0,5.4,9.29,202,3.4,-0.03,-0.1,-0.1,17.3,0.55,84,11294,594943,0
Kyle,Nelson,ARI,34,519,161,358,2.65,0.32,0.06,1.32,3.44,60,2.93,-0.64,0.6,0.6,17.7,0.4,97,20515,669459,1
Ryne,Nelson,ARI,93.2,1555,543,1012,5.19,0.16,0.07,1.25,4.67,118,5.04,-0.71,1,0.7,19.2,0.43,102,26253,669194,2
Hector,Neris,HOU,37.2,577,204,373,1.43,0.29,0.11,0.96,3.85,34,4.2,1.95,0.5,1.7,19.4,0.26,101,11804,593576,1
Vinny,Nittoli,NYM,1.2,17,6,11,0,0.2,0,0,2.09,0,4.96,0.09,0,0.1,22.3,0.75,104,16754,657697,0
Stephen,Nogosek,NYM,25.2,490,207,283,5.61,0.21,0.12,2.1,6.25,138,5.2,-0.43,-0.4,-0.3,18.7,0.43,105,19545,668665,1
Aaron,Nola,PHI,113,1766,584,1182,4.3,0.25,0.07,1.43,4.16,98,3.86,0.53,2,1.7,20.9,0.36,101,16149,605400,0
Sean,Nolin,MIA,3,63,23,40,18,0.11,0.11,6,12.62,426,7.68,-0.02,-0.1,-0.2,17.5,0.64,83,11341,543594,1
Daniel,Norris,CLE,2,39,22,17,0,0,0.38,0,7.79,0,10.18,0,0,0.1,16.7,0.2,66,13475,596057,0
Bailey,Ober,MIN,82.2,1258,420,838,2.61,0.25,0.06,0.87,3.4,63,4.32,1.39,1.9,2.9,17.8,0.34,82,21224,641927,0
Shohei,Ohtani,LAA,100.1,1623,589,1034,3.32,0.32,0.11,1.26,4.03,77,3.52,1.25,1.7,2.7,18.9,0.35,122,19755,660271,2
Steven,Okert,MIA,31.1,501,182,319,2.59,0.35,0.09,1.15,3.42,61,3.49,0.16,0.4,0.7,19.2,0.27,113,13580,595345,1
Adam,Oller,OAK,19.2,412,176,236,10.07,0.13,0.12,2.29,7.25,251,6.87,-0.95,-0.5,-1.1,17.9,0.47,97,20132,670124,0
Reese,Olson,DET,31.1,552,198,354,4.02,0.28,0.06,1.15,3.48,96,3.45,0.11,0.5,0.4,17.1,0.37,108,24968,681857,0
Kaleb,Ort,BOS,23,388,144,244,6.26,0.22,0.08,2.35,5.9,140,5.21,-0.76,-0.2,-0.4,20,0.4,125,20061,672391,1
Oliver,Ortega,MIN,7,86,30,56,2.57,0.16,0.12,1.29,5.29,62,6.17,0.06,0,0.1,16.4,0.28,97,21025,661383,0
Luis,Ortiz,PHI,13,201,64,137,3.46,0.19,0.06,0.69,3.44,79,3.79,0.18,0.1,0.1,19,0.34,115,16942,656814,0
Luis,Ortiz,PIT,53.2,879,341,538,4.86,0.14,0.11,1.84,6.19,112,5.32,-1.11,-0.5,0,17.9,0.51,102,27646,682847,0
Adam,Ottavino,NYM,36.1,623,243,380,3.72,0.25,0.11,1.24,4.8,91,4.38,-0.6,-0.2,0.4,20.7,0.41,101,1247,493603,2
Glenn,Otto,TEX,6.1,90,31,59,7.11,0.23,0.08,2.84,6.45,168,4.61,-0.05,-0.1,-0.1,19.2,0.33,103,21366,657248,0
Connor,Overton,CIN,11,200,74,126,11.45,0.16,0.13,2.45,7.11,247,5.88,-0.8,-0.1,-0.5,17.5,0.36,77,18376,656818,0
Johan,Oviedo,PIT,100.1,1663,617,1046,4.75,0.19,0.09,0.9,4.2,109,4.63,-0.56,1.2,0.6,18.1,0.4,95,22487,670912,4
Chris,Owings,PIT,1,9,3,6,0,0,0,0,3.29,0,8.08,0,0,0,12.3,0.33,,10030,572008,0
Nicholas,Padilla,CHW,4.2,100,40,60,5.79,0.26,0.04,1.93,4.15,136,2.73,-0.21,0,-0.1,19.3,0.69,121,21327,656820,0
Emilio,Pagan,MIN,36,603,209,394,4,0.24,0.08,0.75,3.51,96,4.25,-0.7,0.3,0.2,20.9,0.49,111,14771,641941,1
Daniel,Palencia,CHC,3,39,13,26,0,0.22,0.11,0,2.95,0,4.02,0.8,0.1,0.2,19.6,0.33,146,27914,694037,0
Andre,Pallante,STL,31.1,539,221,318,4.6,0.21,0.12,0.86,4.41,110,3.67,-0.51,0,0.1,21.8,0.44,104,26108,669467,0
Thomas,Pannone,MIL,2.2,59,22,37,6.75,0.29,0.07,0,1.41,155,3.81,0.06,0.1,-0.1,22,0.44,97,17281,623381,0
Luis,Patino,TBR,4,78,34,44,9,0.26,0.11,4.5,8.79,224,5.08,-0.1,-0.1,-0.1,20.1,0.5,99,22815,672715,1
Spencer,Patton,OAK,5.1,73,29,44,6.75,0.05,0.05,3.38,8.35,168,7.07,-0.1,-0.2,-0.1,18.7,0.55,91,12361,607359,0
James,Paxton,BOS,56,915,313,602,2.73,0.29,0.06,1.29,3.66,61,3.43,0.82,1.3,2,16.7,0.36,92,11828,572020,0
Joel,Payamps,MIL,41.1,673,260,413,1.96,0.27,0.05,1.09,3.48,45,3.38,2.36,0.6,1.4,17.7,0.35,104,14332,606303,2
Nate,Pearson,TOR,31.2,520,200,320,3.69,0.25,0.06,1.14,3.86,88,4.53,0.34,0.3,0.1,18.4,0.51,128,20160,663878,0
Elvis,Peguero,MIL,34,522,198,324,3.18,0.2,0.09,0.26,3.52,73,4.5,1.5,0.5,0.6,18.6,0.38,94,21652,665625,3
Wandy,Peralta,NYY,34.1,559,239,320,2.62,0.19,0.14,0.79,4.98,62,4.68,0.88,-0.4,0.7,17.4,0.34,97,14295,593974,0
Freddy,Peralta,MIL,92,1628,617,1011,4.7,0.27,0.1,1.57,4.62,108,4.1,-0.29,0.8,0.4,18,0.38,107,18679,642547,0
Sammy,Peralta,CHW,0.2,31,14,17,27,0.33,0.33,0,6.29,634,8.68,-0.3,0,-0.2,18,0.5,102,25589,671111,3
Angel,Perdomo,PIT,13.2,249,95,154,4.61,0.39,0.11,0.66,2.78,106,3.11,-0.01,0.3,-0.1,17.8,0.37,97,17759,622780,0
Eury,Perez,MIA,53.1,883,321,562,2.36,0.28,0.08,1.18,3.72,56,3.87,1.5,0.9,1.9,18.4,0.42,110,27768,691587,0
Cionel,Perez,BAL,30.1,498,179,319,4.45,0.15,0.11,0.59,4.47,105,4.99,-1.07,0,-0.2,19.1,0.44,108,19614,672335,2
Martin,Perez,TEX,91.2,1476,531,945,4.81,0.15,0.08,1.57,5.33,114,5.03,-0.47,0.1,0.4,17.9,0.4,73,6902,527048,2
Carlos,Perez,OAK,1.2,42,19,23,10.8,0,0.2,5.4,14.69,269,10.72,0,-0.1,-0.1,12.5,0.63,57,10642,542208,1
David,Peterson,NYM,54.1,972,362,610,6.46,0.24,0.09,1.49,4.56,159,3.52,-1.61,0.4,-0.6,18.1,0.44,88,20302,656849,2
Jace,Peterson,OAK,2,43,18,25,9,0.08,0.25,4.5,13.29,224,11.58,0,-0.1,-0.1,11,0.5,-49,12325,607054,0
Brandon,Pfaadt,ARI,25.2,502,186,316,9.82,0.17,0.08,3.16,7.5,223,5.49,-1.49,-0.5,-0.9,19.1,0.5,103,27782,694297,0
Brett,Phillips,LAA,0.1,7,4,3,0,0,0.33,0,12.29,0,17.08,0,0,0,11.5,0.5,44,14735,621433,0
Evan,Phillips,LAD,35.1,525,167,358,2.55,0.32,0.07,0.76,2.95,60,3.07,0.98,0.7,1.1,18.5,0.41,121,17734,623465,0
Konnor,Pilkington,CLE,2,40,16,24,0,0.25,0.13,0,2.79,0,5.18,0.01,0,0.1,15,0.2,92,21453,663455,0
Riley,Pint,COL,0.1,20,14,6,27,0,0.6,0,30.29,541,35.08,-0.04,0,0,17.9,1,116,21858,666207,0
Nick,Pivetta,BOS,69,1248,453,795,4.83,0.27,0.1,1.57,4.72,108,4.31,-0.34,0.2,0.2,20,0.46,116,15454,601713,0
Zach,Plesac,CLE,21.1,374,117,257,7.59,0.13,0.05,1.27,4.51,179,4.48,-0.98,0.2,-0.6,18.3,0.43,80,19979,668676,1
Colin,Poche,TBR,33,523,204,319,2.18,0.18,0.12,0.82,4.5,54,5.74,0.1,0.2,0.8,18.5,0.28,114,19403,621363,0
Zach,Pop,TOR,13.2,199,66,133,6.59,0.25,0.11,2.63,6.36,157,3.96,-0.1,-0.3,-0.4,20.1,0.44,103,20185,647315,0
Ryan,Pressly,HOU,39.1,576,184,392,2.52,0.28,0.05,0.69,2.75,60,2.82,0.33,0.9,0.7,19.5,0.4,157,7005,519151,1
Austin,Pruitt,OAK,32.1,504,176,328,3.9,0.12,0.05,1.39,4.87,97,5.23,-0.23,0.1,0.2,19.2,0.28,110,15290,643493,1
A.J.,Puk,MIA,29,484,149,335,4.03,0.29,0.03,1.24,3.12,95,3.03,-0.11,0.7,-0.1,18.2,0.3,118,19343,640462,1
Cal,Quantrill,CLE,67,1169,454,715,6.45,0.12,0.07,1.07,4.91,152,5.34,-1.49,0.4,-0.6,16.3,0.38,93,19312,615698,2
Johan,Quezada,MIA,0.2,32,23,9,40.5,0,0.63,0,25.79,958,30.58,-0.06,-0.1,-0.1,20.5,0.67,123,20643,629498,0
Jose,Quijada,LAA,9,161,52,109,6,0.2,0.07,0,3.18,139,5.13,-0.31,0.2,-0.3,18.3,0.5,105,19200,650671,0
Cole,Ragans,TEX,24.1,415,157,258,5.92,0.23,0.13,1.48,5.3,140,4.94,-0.46,-0.2,-0.4,18.3,0.43,99,21846,666142,0
Brooks,Raley,NYM,31.1,564,223,341,2.3,0.25,0.09,0.86,3.99,56,4.48,0.42,0.2,0.9,17.7,0.27,109,10061,548384,0
Luke,Raley,TBR,2.2,41,13,28,30.38,0.05,0,6.75,12.29,755,6.13,0,-0.1,-0.3,10.5,0.61,-11,19354,670042,0
Nick,Ramirez,NYY,21.2,355,124,231,2.91,0.17,0.08,0,2.78,69,4.25,-0.24,0.3,0.4,17.4,0.29,82,12575,598286,0
Yohan,Ramirez,PIT,27,475,185,290,3.33,0.19,0.11,0.33,4.18,77,4.58,-0.13,0.1,0.1,18.4,0.31,91,19444,670990,0
Erasmo,Ramirez,WSN,27,416,145,271,6.33,0.1,0.05,1.33,5.25,144,5.57,-0.78,-0.1,-0.4,18.9,0.49,99,10314,541640,1
Drew,Rasmussen,TBR,44.2,677,212,465,2.62,0.27,0.06,0.4,2.57,65,3.1,0.62,1.4,1.6,19.1,0.32,120,25385,656876,3
Robbie,Ray,SEA,3.1,91,40,51,8.1,0.16,0.26,0,5.99,201,7.43,-0.49,0,-0.2,20.2,0.46,102,11486,592662,0
Colin,Rea,MIL,80.1,1301,463,838,4.71,0.2,0.08,1.46,4.81,108,4.45,-0.29,0.7,0.8,18.6,0.42,88,12317,607067,2
Jake,Reed,LAD,0.2,29,10,19,81,0.14,0.14,13.5,24.29,1903,9.58,-0.02,-0.1,-0.2,20,0.8,77,16209,596082,0
Denyi,Reyes,NYM,7.1,130,47,83,6.14,0.25,0.09,2.45,5.88,151,3.86,-0.07,-0.1,0,18,0.38,89,20526,660593,0
Pablo,Reyes,BOS,1,21,11,10,9,0,0.29,0,9.29,201,10.89,0,0,0,14.7,0.4,,16357,622569,0
Gerardo,Reyes,LAA,2,55,21,34,13.5,0,0.08,0,7.79,313,10.98,-0.05,0,-0.1,23.8,0.5,116,16306,622103,2
Trevor,Richards,TOR,43,765,269,496,3.14,0.37,0.1,1.47,3.66,75,3.29,0.67,0.5,0.7,18.3,0.35,101,19309,670950,1
Yacksel,Rios,OAK,1.2,62,33,29,37.8,0.14,0.43,5.4,19.49,941,14.56,-0.12,-0.1,-0.3,17.5,0.33,115,15007,605441,0
David,Robertson,NYM,39.1,613,217,396,2.06,0.3,0.07,1.14,3.59,51,3.48,1.24,0.6,1.2,19.9,0.41,125,8241,502085,1
Nick,Robertson,LAD,8.2,159,56,103,6.23,0.28,0.1,1.04,3.63,146,3.24,-0.23,0.1,-0.3,17.9,0.52,90,26226,687798,0
Carlos,Rodon,NYY,5.1,69,24,45,3.38,0.09,0.09,1.69,6.1,80,6.66,-0.04,0,0.1,18.8,0.5,108,16137,607074,0
Elvin,Rodriguez,TBR,3.1,47,18,29,0,0.5,0,0,0.29,0,1.73,0.15,0.2,0.2,15.4,0.2,123,20962,660730,0
Eduardo,Rodriguez,DET,71.2,1141,386,755,2.64,0.26,0.06,1,3.34,63,3.41,1.31,1.6,2.3,16.5,0.31,85,13164,593958,2
Yerry,Rodriguez,TEX,8.2,162,53,109,3.12,0.15,0.08,1.04,4.44,74,4.97,-0.53,0,0.1,18.6,0.47,102,21955,666720,0
Dereck,Rodriguez,- - -,2.2,38,15,23,3.38,0.08,0.17,0,4.79,81,7.18,-0.01,0,0,18.5,0.33,92,14509,605446,0
Grayson,Rodriguez,BAL,45.1,889,335,554,7.35,0.27,0.1,2.58,5.94,174,3.9,-0.97,-0.3,-0.8,17.2,0.52,103,24492,680570,0
Jose,Rodriguez,SEA,3,49,14,35,9,0.08,0.08,0,3.62,223,4.69,-0.07,0,-0.1,17.3,0.6,108,17860,642578,1
Joely,Rodriguez,BOS,4,113,52,61,18,0.2,0.24,4.5,11.79,403,6.89,-0.11,-0.2,-0.4,19.8,0.5,108,11487,570257,0
Tyler,Rogers,SFG,45.2,664,190,474,2.17,0.19,0.06,0.59,3.35,51,4.21,1.8,0.7,1.6,18.5,0.29,122,15541,643511,2
Taylor,Rogers,SFG,30,488,181,307,3.3,0.31,0.12,1.2,4.19,78,4.05,0.52,0.1,0.4,18.6,0.4,103,13449,573124,0
Trevor,Rogers,MIA,18,330,118,212,4,0.24,0.08,1,4.12,95,4.36,-0.2,0.2,0.2,18.6,0.33,96,22286,669432,0
Josh,Rojas,ARI,2,36,13,23,18,0.08,0.08,0,3.79,408,6.98,0,0,-0.1,14.5,0.64,47,19734,668942,0
Jordan,Romano,TOR,36.2,560,181,379,2.95,0.31,0.07,0.98,3.12,70,3.41,1.33,1,1.1,18.7,0.36,121,16122,605447,2
JoJo,Romero,STL,10.1,170,72,98,4.35,0.18,0.14,0.87,4.74,104,4.41,-0.57,0,0,18.6,0.37,82,19574,668941,1
Drew,Rucinski,OAK,18,350,149,201,9,0.06,0.15,2.5,8.73,224,7.52,-1.61,-0.6,-0.9,19,0.42,77,12499,607968,0
Michael,Rucker,CHC,35.1,621,257,364,4.33,0.24,0.09,1.27,4.48,100,3.77,-0.21,0,0.2,18.1,0.46,107,19454,621074,0
Jose,Ruiz,- - -,39.1,733,290,443,5.26,0.2,0.1,1.6,5.68,121,5.23,-0.13,-0.4,-0.2,18,0.34,102,14552,614179,0
Joe,Ryan,MIN,102.2,1582,459,1123,3.42,0.28,0.04,1.23,3.37,82,3.66,0.44,2.4,2.4,17.4,0.42,102,21390,657746,0
Eduardo,Salazar,CIN,12.1,239,101,138,8.03,0.08,0.08,0,4.67,173,6.48,-0.14,0,-0.2,17,0.4,97,23135,674285,0
Chris,Sale,BOS,59,957,324,633,4.58,0.29,0.06,1.22,3.71,102,3.6,0.14,1.2,0.9,19.2,0.34,92,10603,519242,2
Cristopher,Sanchez,PHI,25.1,371,119,252,2.84,0.22,0.04,1.07,3.56,65,3.29,0.34,0.5,0.8,17.3,0.41,88,20778,650911,0
Nick,Sandlin,CLE,32.1,514,189,325,2.78,0.27,0.08,1.11,3.78,66,3.66,-0.09,0.3,0.6,16.6,0.42,104,20517,680704,0
Patrick,Sandoval,LAA,85.2,1507,562,945,4.41,0.18,0.09,0.63,3.97,102,4.49,-0.72,1.5,0.7,19.9,0.34,92,19447,663776,2
Cole,Sands,MIN,12.1,223,84,139,0.73,0.24,0.13,0.73,3.94,17,5.08,0.04,0.1,0.3,19.3,0.56,89,21461,663485,0
Reiver,Sanmartin,CIN,14,311,126,185,7.07,0.19,0.14,1.29,5.43,152,4.83,-0.17,-0.1,-0.4,17.3,0.26,102,19754,665665,0
Dennis,Santana,NYM,8.2,177,64,113,6.23,0.28,0.13,2.08,5.83,153,4.85,0,-0.1,-0.1,19.9,0.39,102,17878,642701,0
Tony,Santillan,CIN,2,23,8,15,0,0,0.22,0,6.29,0,7.89,0.14,0,0.1,18.5,0.14,80,19926,663574,0
Gregory,Santos,CHW,44.2,692,220,472,2.82,0.23,0.05,0.2,2.53,66,3.17,1.06,1,0.9,18.2,0.39,126,21894,666619,0
Tayler,Saucedo,SEA,23,371,138,233,2.74,0.23,0.12,0.39,3.68,68,3.67,0.06,0.1,0.3,16.7,0.29,90,17888,642048,0
Josh,Sborz,TEX,36.2,582,210,372,3.93,0.34,0.09,0.49,2.47,93,2.72,0.07,1.1,0.4,18.3,0.39,117,18323,622250,0
Max,Scherzer,NYM,82.2,1359,451,908,4.03,0.28,0.06,1.74,4.36,99,3.88,0.1,1,1.2,19.3,0.4,101,3137,453286,1
Clarke,Schmidt,NYY,87.1,1503,508,995,4.43,0.23,0.07,1.34,4.28,105,4.32,-0.91,1.1,0.4,18.4,0.44,108,19899,657376,1
Jesse,Scholtens,CHW,31.1,487,175,312,3.45,0.13,0.08,1.15,4.82,81,5.56,0.26,0.1,0.5,20.7,0.38,84,19205,669947,0
Jonathan,Schoop,DET,1.1,17,4,13,0,0.2,0,0,1.79,0,4.18,0,0,0,11.9,1,-47,11265,570731,0
John,Schreiber,BOS,17,286,107,179,2.12,0.3,0.11,0.53,3.17,47,3.35,0.15,0.3,0.5,19.5,0.43,103,20020,670167,0
Tanner,Scott,MIA,43.1,676,224,452,2.91,0.37,0.1,0.42,2.25,69,2.61,2.19,1.3,1.2,18.9,0.24,113,17586,656945,0
Tayler,Scott,- - -,7,123,47,76,7.71,0.24,0.15,0,3.57,181,6.08,-0.29,0.1,-0.2,18.1,0.42,98,13652,605463,0
Connor,Seabold,COL,70.1,1229,428,801,6.65,0.17,0.07,2.05,5.98,133,5.56,-0.99,-0.2,-0.3,21.2,0.41,79,19695,657756,0
JP,Sears,OAK,94.2,1561,515,1046,4.09,0.23,0.05,1.81,4.9,102,4.83,-0.31,0.6,1.3,20.5,0.37,95,23429,676664,2
Kodai,Senga,NYM,89.2,1538,611,927,3.31,0.3,0.12,1,3.86,81,3.78,0.95,1.5,1.8,19,0.39,98,31838,673540,4
Antonio,Senzatela,COL,7.2,120,47,73,4.7,0.13,0.07,3.52,8.11,94,4.49,-0.08,-0.2,0.2,16.1,0.5,81,15488,622608,0
Luis,Severino,NYY,42.2,771,263,508,7.38,0.18,0.09,2.32,6.38,176,5.2,-1.11,-0.4,-1.2,17.6,0.48,102,15890,622663,1
Paul,Sewald,SEA,35.1,568,185,383,3.31,0.36,0.08,1.02,2.92,82,3.17,2.24,0.9,0.7,17.6,0.27,136,13892,623149,1
Bryan,Shaw,CHW,3.2,56,21,35,7.36,0.07,0,4.91,9.83,173,5.79,0.06,-0.2,-0.1,20.5,0.36,96,8110,543766,0
Emmet,Sheehan,LAD,20.2,344,129,215,4.35,0.2,0.1,1.31,4.79,102,5.37,0.06,0.2,0.3,18.1,0.43,105,29839,686218,0
Ryan,Sherriff,BOS,6.2,106,41,65,2.7,0.17,0.07,0,3.14,60,5.29,0.09,0.1,0.2,21.1,0.24,94,12249,595411,1
Zack,Short,DET,2,26,9,17,4.5,0,0,0,4.79,108,6.39,0,0,0,11.7,0.55,22,19562,670097,0
Chasen,Shreve,DET,32,541,188,353,4.78,0.25,0.07,1.41,4.13,114,3.75,-0.59,0.1,-0.2,18,0.39,90,10855,592741,0
Jared,Shuster,ATL,45,725,275,450,5,0.13,0.11,0.8,4.87,113,6.12,-0.44,0.3,0.4,17.2,0.39,66,27472,694363,0
Chase,Silseth,LAA,18.2,360,149,211,5.3,0.18,0.16,1.45,5.86,123,4.97,-0.41,-0.2,-0.3,18.1,0.43,93,30074,681217,0
Lucas,Sims,CIN,35,584,227,357,3.09,0.31,0.13,1.03,4.32,66,4.75,2.08,0.4,1.1,19,0.28,131,13470,608371,0
Brady,Singer,KCR,94.2,1626,603,1023,5.8,0.18,0.08,0.95,4.27,133,4.48,-1.26,1,-0.1,17.4,0.52,88,25377,663903,2
Tarik,Skubal,DET,4,58,16,42,0,0.46,0,0,1.04,0,1.84,0.21,0.2,0.3,15.7,0.83,94,22267,669373,0
Ethan,Small,MIL,3,69,23,46,15,0.28,0,3,4.29,345,2.08,0,0,-0.1,18.9,0.46,68,26364,663629,0
Devin,Smeltzer,MIA,15.2,259,88,171,6.89,0.14,0.06,3.45,8.33,163,6.21,-0.36,-0.4,-0.4,17.8,0.46,83,19487,656970,0
Will,Smith,TEX,32.1,485,156,329,3.06,0.29,0.07,0.56,2.67,72,4.04,1.14,0.9,0.7,19.9,0.44,88,8048,519293,0
Drew,Smith,NYM,29.1,560,223,337,4.3,0.27,0.11,1.23,4.48,106,4.61,-0.24,0,0,19,0.43,124,17755,622098,0
Chad,Smith,OAK,12,223,92,131,6.75,0.17,0.11,0.75,4.62,168,5,-0.16,0,-0.2,19.5,0.54,108,20190,663385,2
AJ,Smith-Shawver,ATL,16.2,297,123,174,4.32,0.22,0.09,2.7,6.65,97,5.34,-0.07,-0.2,0.1,19,0.38,81,29960,700363,0
Drew,Smyly,CHC,94,1554,580,974,4.31,0.2,0.08,1.44,4.83,100,4.91,-0.64,0.9,1.1,19.1,0.34,90,11760,592767,1
Blake,Snell,SDP,98,1763,733,1030,2.85,0.32,0.12,1.01,3.61,68,3.38,1.15,2,3.2,18.7,0.36,109,13543,605483,0
Collin,Snider,KCR,3.2,65,24,41,2.45,0.17,0.06,0,2.47,56,4.21,-0.02,0.1,0.1,18.7,0.43,103,23307,676092,0
Peter,Solomon,ARI,13.1,236,104,132,12.15,0.09,0.16,1.35,7.04,275,7.24,-0.08,-0.2,-0.5,17.7,0.57,82,20476,656981,0
George,Soriano,MIA,15.2,261,96,165,2.87,0.14,0.1,0,3.54,68,5.38,0.02,0.1,0.2,19.1,0.4,97,21863,666277,0
Jose,Soriano,LAA,14,231,95,136,3.21,0.38,0.16,0.64,3.93,75,3.69,0.06,0.1,0.2,17,0.58,119,22100,667755,0
Mike,Soroka,ATL,20.1,360,138,222,5.31,0.17,0.09,2.21,6.83,120,5.2,-0.52,-0.3,0.1,17.4,0.36,87,18383,647336,0
Gregory,Soto,PHI,32.1,551,199,352,4.18,0.27,0.11,0.56,3.26,95,3.98,1.21,0.6,0.1,17.4,0.34,111,19677,642397,1
Bennett,Sousa,MIL,2.2,55,22,33,13.5,0.14,0.14,3.38,8.91,310,5.83,0,-0.1,-0.1,19.2,0.6,106,21345,656986,0
Gabe,Speier,SEA,28.2,391,121,270,4.08,0.25,0.04,0.63,2.94,101,3.09,0.94,0.4,0.2,18.5,0.41,103,17170,642100,0
Jeffrey,Springs,TBR,16,211,63,148,0.56,0.44,0.07,0.56,1.85,14,1.94,0.65,0.7,1.1,19.4,0.3,100,17677,605488,0
Jacob,Stallings,MIA,4,43,15,28,6.75,0.06,0,2.25,6.79,160,5.53,0,-0.1,0,12.6,0.5,30,13723,607732,0
Ryne,Stanek,HOU,30.2,568,224,344,4.11,0.23,0.13,0.88,4.3,98,5.48,-0.48,0.2,0.1,20.4,0.44,129,15947,592773,0
Josh,Staumont,KCR,20,361,145,216,5.4,0.27,0.15,0.45,3.79,124,4.5,-0.09,0.1,0,20.5,0.36,106,18335,622251,1
Justin,Steele,CHC,91.1,1351,445,906,2.56,0.22,0.05,0.39,2.87,59,3.84,1.54,2.7,3.1,17.9,0.31,100,17312,657006,2
Trevor,Stephan,CLE,39,630,228,402,2.54,0.25,0.08,1.38,4.26,60,4.15,0.31,0.2,0.9,19.4,0.36,105,19932,663986,1
Robert,Stephenson,- - -,27.1,436,138,298,4.61,0.31,0.11,1.65,4.53,110,3.91,-0.56,-0.1,-0.1,19.2,0.41,129,13594,596112,0
Brock,Stewart,MIN,25.2,394,132,262,0.7,0.35,0.11,0.35,2.47,17,3.39,0.84,0.7,1.5,20.4,0.31,121,16727,592779,1
Gavin,Stone,LAD,12,264,97,167,12.75,0.11,0.11,0.75,5.04,299,5.69,-1.31,0,-0.8,19.2,0.42,88,27792,694813,1
Levi,Stoudt,CIN,10,208,84,124,9.9,0.15,0.14,0.9,5.09,213,5.55,-0.52,0.1,-0.3,17.3,0.49,93,25650,686651,0
Matt,Strahm,PHI,54.1,857,294,563,3.64,0.33,0.07,1.33,3.53,83,3.32,0.73,1.1,1.2,19.7,0.44,104,13799,621381,0
Chris,Stratton,STL,44,712,248,464,4.3,0.26,0.07,0.61,3.04,103,4,0.04,0.8,0.3,18.7,0.39,108,13761,608717,3
Spencer,Strider,ATL,104.2,1796,569,1227,3.44,0.39,0.08,1.12,2.85,77,2.84,0.78,3,2.4,18.4,0.37,127,27498,675911,0
Ross,Stripling,SFG,41,723,261,462,6.37,0.19,0.06,2.41,6,150,3.99,-1.28,-0.4,-0.4,17.4,0.45,93,13273,548389,3
Marcus,Stroman,CHC,112.2,1714,641,1073,2.96,0.22,0.09,0.48,3.41,68,3.63,1.66,2.4,3.2,19,0.39,102,13431,573186,2
Peter,Strzelecki,MIL,35.2,619,227,392,4.54,0.24,0.06,0.76,3.82,104,4.47,-0.41,0.3,0.1,17.9,0.35,98,21367,657265,0
Ranger,Suarez,PHI,62,1019,390,629,3.77,0.22,0.08,0.87,3.76,86,3.89,0.35,1.2,1.4,18.2,0.4,84,17277,624133,1
Jose,Suarez,LAA,24.1,467,175,292,9.62,0.17,0.12,3.33,8.22,223,6.17,-0.99,-0.5,-0.9,18.9,0.44,95,19911,660761,0
Wander,Suero,LAD,6.2,120,51,69,8.1,0.25,0.14,2.7,6.89,190,5.38,-0.05,-0.1,-0.1,16.2,0.29,93,15855,593833,1
Cole,Sulser,ARI,4.1,72,36,36,6.23,0.22,0.17,4.15,9.52,141,5.36,-0.13,-0.2,0,17.5,0.46,97,15256,642121,0
Brent,Suter,COL,41.2,678,253,425,2.81,0.19,0.08,0.43,3.41,56,4.55,0.41,0.8,0.8,15.6,0.24,74,13942,608718,1
Erik,Swanson,TOR,41.1,630,215,415,3.27,0.29,0.09,1.31,3.99,78,4.15,1.92,0.3,0.9,19.2,0.38,99,16587,657024,0
Noah,Syndergaard,LAD,55.1,885,301,584,7.16,0.15,0.04,1.95,5.55,168,4.66,-2.05,0,-0.8,17.9,0.4,80,11762,592789,0
Jameson,Taillon,CHC,71.2,1195,429,766,6.15,0.2,0.07,1.63,4.93,143,4.76,-1.27,0.5,-0.7,18.5,0.39,100,11674,592791,0
Domingo,Tapia,SDP,17.2,319,130,189,3.57,0.19,0.16,1.02,5.38,86,5.63,-0.2,-0.1,0.1,18.2,0.4,113,12178,593619,1
Josh,Taylor,KCR,17.2,341,124,217,8.15,0.31,0.11,2.04,4.82,186,3.32,-1.26,0,-0.6,19.4,0.54,90,17359,657031,0
Julio,Teheran,MIL,47,701,239,462,3.64,0.17,0.05,1.34,4.63,84,4.77,0.64,0.4,1,19.7,0.36,84,6797,527054,1
Ryan,Tepera,LAA,8.2,194,82,112,7.27,0.22,0.07,2.08,5.71,169,4.74,-1.44,-0.2,-0.6,20.8,0.39,92,10291,572193,1
Juan,Then,SEA,11,168,66,102,4.91,0.1,0.04,2.45,6.47,122,4.23,0.07,-0.2,0,17.5,0.44,84,22828,672730,0
Caleb,Thielbar,MIN,10.1,173,62,111,1.74,0.25,0.05,0.87,3.19,42,3.48,0.06,0.2,0.3,19,0.36,117,10078,573204,0
Lane,Thomas,WSN,1,21,7,14,27,0.17,0,9,14.29,614,4.48,0,0,-0.1,11.9,0.4,22,16939,657041,0
Mason,Thompson,WSN,42.1,647,241,406,3.83,0.21,0.09,0.64,3.81,87,4.21,-0.29,0.5,0.4,18.6,0.35,104,21850,666168,1
Keegan,Thompson,CHC,21.1,348,135,213,4.22,0.18,0.15,0.42,4.37,98,5.78,0.18,0,0.2,17.8,0.46,109,19795,624522,0
Zack,Thompson,STL,11.2,213,89,124,4.63,0.33,0.16,0.77,3.63,111,3.34,0.28,0.1,-0.1,17.4,0.46,68,25918,668868,1
Ryan,Thompson,TBR,17.2,295,114,181,6.11,0.16,0.09,1.02,5.1,152,5.35,-0.45,-0.1,-0.4,20,0.39,108,16647,657044,0
Trent,Thornton,TOR,5.1,82,28,54,1.69,0.23,0.05,0,1.98,40,3.17,0.03,0.1,0.1,20.3,0.19,106,17948,663423,1
Michael,Tonkin,ATL,42.1,605,199,406,2.55,0.22,0.06,1.06,3.95,57,4.23,0.53,0.3,0.9,17.6,0.47,108,10315,543859,0
Justin,Topa,SEA,33.2,512,155,357,2.94,0.2,0.07,0.53,3.38,73,3.74,0.91,0.4,0.4,18.8,0.39,99,15145,623437,0
Touki,Toussaint,- - -,18.2,330,139,191,3.86,0.23,0.18,0.48,4.47,91,4.45,-0.03,0.1,0.3,17.9,0.33,92,16929,657053,0
Alan,Trejo,COL,2,25,6,19,13.5,0.1,0,9,15.29,270,7.88,0,-0.1,-0.1,11.5,0.44,118,20056,676701,0
Spencer,Turnbull,DET,31,556,205,351,7.26,0.17,0.1,1.45,5.58,174,5.18,-0.89,-0.1,-0.6,18.7,0.37,97,16207,605513,0
Edwin,Uceta,NYM,3,51,22,29,0,0.27,0.18,0,4.29,0,5.89,0.01,0,0.1,17.3,0.4,95,20539,670955,0
Erich,Uelmen,PHI,1,33,17,16,36,0.13,0.25,0,7.29,819,8.89,-0.14,0,-0.2,19.3,0.6,102,20323,657272,0
Duane,Underwood Jr.,PIT,24.1,340,122,218,5.18,0.14,0.11,1.11,5.1,119,4.87,0.41,-0.2,-0.1,17.7,0.39,93,14677,621249,3
Jose,Urena,COL,18.1,363,149,214,9.82,0.1,0.15,4.42,10.98,197,6.95,-1.22,-0.8,-0.6,18.1,0.51,86,11589,570632,0
Julio,Urias,LAD,64.1,1036,334,702,4.76,0.24,0.05,1.96,4.9,112,4.04,-0.37,0.5,0.6,18.8,0.33,105,14765,628711,0
Abner,Uribe,MIL,2,29,8,21,4.5,0.25,0,0,1.29,103,2.89,0,0.1,0,20.5,0.5,118,25327,682842,1
Jose,Urquidy,HOU,27.2,510,179,331,5.2,0.19,0.08,1.95,5.64,124,5.13,-0.29,0,0.2,18.2,0.37,99,18413,664353,2
Framber,Valdez,HOU,111,1653,609,1044,2.51,0.26,0.06,0.57,2.83,60,2.99,1.95,3.2,3.8,19.5,0.44,109,17295,664285,4
Chris,Vallimont,BAL,0.2,11,5,6,0,0.5,0,0,0.29,0,0.29,0,0,0,18.7,0,118,24935,681808,0
Ildemaro,Vargas,WSN,1,8,1,7,0,0,0,0,3.29,0,4.89,0,0,0,14.2,0.33,96,13324,545121,2
Carlos,Vargas,ARI,4.2,83,34,49,5.79,0.32,0.18,3.86,9.07,131,4.53,0.01,-0.1,0,19.9,0.6,115,22915,672841,0
Louie,Varland,MIN,56,918,285,633,5.3,0.22,0.07,2.25,5.52,127,4.21,-0.45,-0.2,0.2,16.4,0.43,98,27691,686973,1
Gus,Varland,MIL,8.2,199,77,122,11.42,0.12,0.16,3.12,9.52,262,6.68,-0.02,-0.3,-0.4,17,0.53,120,24737,681402,0
Randy,Vasquez,NYY,15.1,245,91,154,1.17,0.15,0.11,0.59,4.79,28,6.02,0.5,0.2,0.9,18.1,0.36,107,24719,681190,1
Andrew,Vasquez,PHI,37,583,189,394,1.7,0.2,0.07,0.73,3.96,39,4.64,0.23,0.3,0.9,15.6,0.25,107,19482,607755,0
Vince,Velasquez,PIT,37.1,653,239,414,3.86,0.23,0.09,0.96,3.9,89,4.52,0.36,0.7,0.8,20.1,0.39,99,11189,592826,3
Drew,VerHagen,STL,37.2,657,233,424,4.78,0.22,0.11,1.43,4.85,114,4.82,-0.65,-0.2,-0.3,18.3,0.39,95,13424,572403,1
Justin,Verlander,NYM,70,1158,431,727,3.6,0.2,0.07,1.03,4,88,4.43,0.52,1.2,1.1,19.5,0.44,108,8700,434378,1
Alex,Vesia,LAD,21.1,455,177,278,6.75,0.31,0.11,1.27,3.76,159,3.88,-1.38,0.2,-0.5,21.8,0.48,116,25007,681911,0
Nick,Vespi,BAL,5.2,77,22,55,4.76,0.26,0.04,1.59,3.99,113,3.67,-0.09,0,0,14.9,0.56,100,21093,663989,0
Will,Vest,DET,29.2,468,160,308,2.73,0.27,0.08,0.3,2.48,65,3.49,0.56,0.7,0.6,17.4,0.49,97,19769,676684,0
David,Villar,SFG,1,8,4,4,0,0,0.33,0,6.29,0,7.89,0,0,0,9.8,0.5,-52,24782,681584,0
Jason,Vosler,CIN,2,25,5,20,4.5,0,0,0,3.29,97,8.08,0,0,0,12.3,0.18,11,16686,613564,0
Austin,Voth,BAL,31,611,222,389,4.94,0.22,0.1,1.74,5.45,117,5.05,-1.18,-0.4,-0.3,19.9,0.34,95,15047,608723,2
Michael,Wacha,SDP,85.2,1385,495,890,2.84,0.21,0.07,0.84,3.74,68,4.6,1.37,1.9,2.9,18.3,0.34,90,14078,608379,2
Adam,Wainwright,STL,51.2,968,378,590,7.66,0.11,0.08,1.74,5.88,183,5.84,-2.11,-0.2,-1.5,18.5,0.35,104,2233,425794,4
Cole,Waites,SFG,2.1,65,24,41,15.43,0.13,0.13,0,4.15,362,5.51,-0.04,0,-0.2,20.1,0.46,120,25665,686972,0
Ken,Waldichuk,OAK,70.2,1334,519,815,6.62,0.2,0.13,1.78,6.05,165,5.37,-0.92,-0.6,-1.4,20.1,0.41,91,27681,686610,0
Matt,Waldron,SDP,4.2,62,17,45,3.86,0.11,0.05,3.86,8.65,93,5.47,-0.04,-0.1,0.1,16.8,0.5,89,25550,663362,0
Ryan,Walker,SFG,23,408,143,265,3.13,0.26,0.08,1.57,4.37,74,3.43,-0.3,0,0.2,17.4,0.25,120,20423,676254,0
Taijuan,Walker,PHI,96.1,1540,592,948,4.02,0.21,0.1,1.12,4.39,91,4.36,0.75,1.4,2.1,16.2,0.39,92,11836,592836,0
Josh,Walker,NYM,6,128,54,74,7.5,0.17,0.21,0,4.62,184,7.28,-0.4,0,-0.3,18.2,0.5,94,23617,677020,1
Brandon,Walter,BOS,11.2,155,52,103,2.31,0.12,0.06,0.77,4.4,52,5.75,-0.21,0.1,0.2,20.9,0.15,97,26056,687888,0
Andrew,Wantz,LAA,23.2,387,140,247,4.56,0.23,0.09,0.76,3.8,106,4.65,-0.6,0.3,0,18.5,0.33,112,24933,681806,0
Thad,Ward,WSN,30.1,595,241,354,7.12,0.19,0.18,2.08,6.95,162,5.79,-0.02,-0.4,-0.4,17.2,0.35,105,21513,663658,0
Austin,Warren,LAA,1.2,23,9,14,5.4,0.33,0,5.4,8.69,125,3.76,-0.11,-0.1,0,16.7,0.5,94,24937,681810,0
Ryan,Weathers,SDP,40,711,274,437,6.08,0.16,0.09,1.58,5.41,146,5.17,-0.85,0.1,-0.3,16.6,0.32,88,23796,677960,0
Luke,Weaver,CIN,73.1,1321,470,851,7,0.17,0.07,2.09,5.74,151,4.95,-1.85,0.2,-0.5,18,0.43,94,16918,596133,2
Jacob,Webb,LAA,21.2,349,131,218,2.49,0.24,0.12,0.83,4.26,58,4.83,0.78,0.2,0.8,18.8,0.3,112,19274,657097,0
Logan,Webb,SFG,117,1753,575,1178,3.38,0.25,0.05,1,3.4,80,3.01,0.24,2.4,2.6,16.8,0.46,101,17995,657277,0
Ryan,Weber,NYY,14.1,182,60,122,3.14,0.12,0.02,1.26,4.54,75,4.51,0.34,0,0.2,16.6,0.41,78,10160,543901,0
Jordan,Weems,WSN,20.1,321,121,200,2.21,0.26,0.11,1.77,5.4,50,4.57,0.57,-0.1,0.3,19.1,0.48,93,13190,607179,1
Zack,Weiss,LAA,2.2,44,15,29,6.75,0.15,0.08,6.75,12.66,157,6.51,0,-0.2,0,19,0.4,111,15444,592848,0
Greg,Weissert,NYY,6.2,138,65,73,4.05,0.23,0.16,2.7,7.79,96,5.33,-0.01,-0.2,0,19.1,0.39,104,20375,669711,1
Tyler,Wells,BAL,104.2,1640,584,1056,3.18,0.25,0.06,1.81,4.64,75,4.33,1.4,1,2.8,18.9,0.39,92,20000,669330,1
Joey,Wentz,DET,71.2,1296,475,821,6.78,0.2,0.09,2.01,5.65,162,4.93,-1.99,-0.3,-1.2,18.1,0.44,88,19962,666214,0
Hayden,Wesneski,CHC,60.2,964,342,622,4.75,0.19,0.06,2.08,5.56,110,4.41,-0.41,-0.2,0.1,19,0.36,98,27581,669713,0
Zack,Wheeler,PHI,104.1,1810,632,1178,4.05,0.27,0.05,0.69,2.84,92,3.48,0.44,3.5,1.9,18.9,0.37,110,10310,554430,1
Mitch,White,TOR,9.2,184,61,123,3.72,0.26,0.07,0.93,3.29,89,4.75,-0.1,0.1,0.1,20.8,0.41,94,19225,669952,0
Brendan,White,DET,14.1,243,77,166,5.02,0.26,0.07,1.88,4.82,120,3.1,-0.52,-0.1,-0.1,16.3,0.35,105,26024,686839,0
Owen,White,TEX,2,36,12,24,13.5,0.18,0.09,4.5,9.29,319,4.39,-0.46,-0.1,-0.2,19.7,0.25,106,22273,669391,0
Garrett,Whitlock,BOS,51.2,832,258,574,5.23,0.22,0.03,1.74,4.51,117,3.85,-0.58,0.5,0.4,16.8,0.41,82,20191,676477,0
Luke,Williams,LAD,1,6,2,4,0,0,0,0,3.29,0,6.48,0,0,0,12,0,112,19931,663897,2
Devin,Williams,MIL,32.1,541,214,327,1.95,0.33,0.14,0.84,3.5,45,3.34,1.96,0.5,1.4,20,0.29,118,15816,642207,0
Gavin,Williams,CLE,24.2,361,109,252,4.01,0.19,0.07,1.46,4.83,95,4.66,0.28,0.1,0.5,18.6,0.37,101,30122,668909,0
Trevor,Williams,WSN,91,1572,582,990,4.45,0.17,0.08,1.78,5.42,101,4.95,-0.92,0.5,0.9,16.8,0.39,81,16977,592866,1
Brandon,Williamson,CIN,46.2,800,295,505,5.21,0.19,0.1,1.54,5.17,112,5.07,-0.18,0.4,0.2,18.3,0.44,93,25463,682227,1
Amos,Willingham,WSN,5.1,99,35,64,8.44,0.08,0.04,5.06,10.41,192,6.1,0.05,-0.2,-0.1,14.2,0.64,99,26128,686294,0
Steven,Wilson,SDP,37,626,239,387,2.43,0.27,0.11,0.97,3.99,58,4.7,1.09,0.6,1.2,21.4,0.32,126,20353,621051,0
Bryse,Wilson,MIL,43.1,663,243,420,2.7,0.2,0.07,0.62,3.47,62,4.6,0.82,0.5,0.7,17.8,0.38,102,19990,669060,0
Josh,Winckowski,BOS,48.2,728,252,476,3.14,0.18,0.08,1.29,4.75,70,4.29,-0.28,-0.1,0.6,19.2,0.44,109,22387,670174,0
Josh,Winder,MIN,5.2,112,44,68,4.76,0.26,0.11,1.59,4.7,114,4.38,0.04,0,0,18.6,0.65,87,24606,680739,0
Trey,Wingenter,DET,4.1,86,36,50,8.31,0.23,0.09,0,3.75,199,5.22,-0.07,0,-0.2,19.9,0.54,95,17793,622259,0
Keaton,Winn,SFG,22,293,103,190,4.09,0.15,0.06,1.23,5.02,96,4.48,-0.14,-0.1,0.2,16.7,0.49,119,23499,676775,0
Brett,Wisely,SFG,1,11,4,7,9,0,0,9,16.29,211,6.48,0,-0.1,0,11.9,0.5,,27735,689172,0
Nick,Wittgren,KCR,18.1,318,119,199,7.36,0.15,0.11,0.49,4.54,168,5.66,-0.42,0,-0.4,20.4,0.32,86,15594,621295,0
Jake,Wong,CIN,3,57,25,32,9,0,0.2,0,6.29,194,7.35,-0.01,0,-0.1,20.2,0.33,54,23095,673858,0
Bryan,Woo,SEA,34.2,568,179,389,3.63,0.31,0.06,1.04,3.09,90,3.24,-0.23,0.9,0.5,21.1,0.38,101,30279,693433,1
Alex,Wood,SFG,50,897,336,561,4.68,0.22,0.11,1.08,4.75,110,5.01,-0.6,0,0.1,16.3,0.46,91,13781,622072,2
Jake,Woodford,STL,39.2,733,291,442,5.67,0.14,0.09,1.82,6.16,136,5.07,-0.48,-0.4,-0.1,18.4,0.5,87,18674,663765,1
Brandon,Woodruff,MIL,11.1,182,61,121,0.79,0.29,0.07,0.79,3.11,18,3.51,0.42,0.3,0.7,18.9,0.41,112,16162,605540,1
Simeon,Woods Richardson,MIN,4.2,99,38,61,9.64,0.21,0.13,1.93,5.86,231,5.47,-0.05,0,-0.1,19.8,0.31,109,24494,680573,1
Kyle,Wright,ATL,18.2,366,131,235,5.79,0.22,0.11,0.96,4.47,130,4.1,-0.29,0.2,-0.2,17.3,0.48,104,19665,657140,0
Randy,Wynne,CIN,2.1,34,9,25,3.86,0,0.09,0,4.57,83,6.63,0.09,0,0,16.2,0.7,66,25804,691094,0
Jimmy,Yacabonis,NYM,9,169,68,101,9,0.18,0.09,1,4.62,221,4.77,-0.25,0,-0.5,20.1,0.32,91,15157,642231,0
Ryan,Yarbrough,KCR,26.1,448,156,292,6.15,0.12,0.06,1.03,5.19,141,5.95,-0.66,0,-0.2,18.7,0.28,83,16502,642232,1
Kirby,Yates,ATL,33.1,584,232,352,3.24,0.33,0.13,1.35,4.19,73,4.25,-0.19,0.1,0.6,19.9,0.4,106,9073,489446,1
Danny,Young,ATL,8.1,135,49,86,1.08,0.31,0.06,0,2.45,24,3.6,-0.17,0.1,0.3,17.8,0.32,92,18439,664849,1
Alex,Young,CIN,35.1,567,197,370,2.55,0.22,0.09,1.27,4.39,55,4.09,-0.09,0.3,0.9,18.7,0.42,83,18333,622065,0
Rob,Zastryzny,PIT,17,321,120,201,5.29,0.16,0.16,0.53,4.82,122,6.21,-0.35,0,-0.3,18.3,0.4,101,15094,642239,1
Bruce,Zimmermann,BAL,11.1,187,61,126,5.56,0.23,0,2.38,5.14,132,3.53,0.03,-0.1,-0.1,20.5,0.44,88,20370,669145,0
Guillermo,Zuniga,STL,1,18,8,10,0,0.67,0,0,-0.71,0,0.89,0,0,0,18.6,1,139,19588,670871,0
